<?xml version="1.0" encoding="UTF-8"?>
<test-cases>
    <test-case>
        <key>open_sesame</key>
        <data>Ali Baba and the forty thieves</data>
    </test-case>
    <test-case>
        <key>trustno1</key>
        <data>Lorem ipsum dolor sit amet, consectetur adipisicing elit, sed do eiusmod tempor incididunt ut labore et dolore magna aliqua. Ut enim ad minim veniam, quis nostrud exercitation ullamco laboris nisi ut aliquip ex ea commodo consequat. Duis aute irure dolor in reprehenderit in voluptate velit esse cillum dolore eu fugiat nulla pariatur. Excepteur sint occaecat cupidatat non proident, sunt in culpa qui officia deserunt mollit anim id est laborum.</data>
    </test-case>
    <test-case>
        <key>password</key>
        <data>Ärger, Ökonom, Übermut.</data>
    </test-case>
    <test-case>
        <key>01234567890123456789012345678901234567890123456789012345678901234567890123456789012345678901234567890123456789012345678901234567</key>
        <data>Test with 128-byte key</data>
    </test-case>
</test-cases>
