<?xml version="1.0" encoding="UTF-8"?>
<!DOCTYPE plist PUBLIC "-//Apple//DTD PLIST 1.0//EN" "http://www.apple.com/DTDs/PropertyList-1.0.dtd">
<plist version="1.0">
<dict>
	<key>CFBundleDevelopmentRegion</key>
	<string>English</string>
	<key>CFBundleExecutable</key>
	<string>Test Client</string>
	<key>CFBundleIconFile</key>
	<string></string>
	<key>CFBundleIdentifier</key>
	<string>com.divisiblebyzero.Test Client</string>
	<key>CFBundleInfoDictionaryVersion</key>
	<string>6.0</string>
	<key>CFBundleName</key>
	<string>Test Client</string>
	<key>CFBundlePackageType</key>
	<string>APPL</string>
	<key>CFBundleSignature</key>
	<string>ZERO</string>
	<key>CFBundleVersion</key>
	<string>100.0</string>
	<key>CFBundleShortVersionString</key>
	<string>1.0.0d</string>
	<key>NSMainNibFile</key>
	<string>TestClient</string>
	<key>NSPrincipalClass</key>
	<string>NSApplication</string>
</dict>
</plist>
