<?xml version="1.0" encoding="UTF-8"?>
<!DOCTYPE plist PUBLIC "-//Apple//DTD PLIST 1.0//EN" "http://www.apple.com/DTDs/PropertyList-1.0.dtd">
<plist version="1.0">
<dict>
	<key>SchemeUserState</key>
	<dict>
		<key>XML.xcscheme</key>
		<dict>
			<key>orderHint</key>
			<integer>0</integer>
		</dict>
	</dict>
	<key>SuppressBuildableAutocreation</key>
	<dict>
		<key>C8C42FF11C155556005C3DAC</key>
		<dict>
			<key>primary</key>
			<true/>
		</dict>
		<key>C8C4300A1C155556005C3DAC</key>
		<dict>
			<key>primary</key>
			<true/>
		</dict>
		<key>C8C430151C155556005C3DAC</key>
		<dict>
			<key>primary</key>
			<true/>
		</dict>
	</dict>
</dict>
</plist>
