<?xml version="1.0" encoding="UTF-8" standalone="yes"?><candies><candy id="1"><name>candy1</name><energy>12</energy><type>chocolate</type><ingredient><ingredient_name>water</ingredient_name><count>3</count></ingredient><value><value_name>protein</value_name><count>4</count></value><production>rahat</production></candy><candy id="2"><name>candy2</name><energy>14</energy><type>caramel</type><ingredient><ingredient_name>sugar</ingredient_name><count>4</count></ingredient><value><value_name>protein</value_name><count>3</count></value><production>rahat</production></candy></candies>