﻿<?xml version="1.0" encoding="utf-8"?>
<Project DefaultTargets="Build" xmlns="http://schemas.microsoft.com/developer/msbuild/2003" ToolsVersion="4.0">
  <PropertyGroup>
    <Configuration Condition=" '$(Configuration)' == '' ">Debug</Configuration>
    <Platform Condition=" '$(Platform)' == '' ">AnyCPU</Platform>
    <ProductVersion>9.0.21022</ProductVersion>
    <SchemaVersion>2.0</SchemaVersion>
    <ProjectGuid>{42ACDD70-26DA-4737-B490-282A21B170E6}</ProjectGuid>
    <OutputType>Library</OutputType>
    <AppDesignerFolder>Properties</AppDesignerFolder>
    <RootNamespace>MusicXml</RootNamespace>
    <AssemblyName>MusicXml</AssemblyName>
    <FileUpgradeFlags>
    </FileUpgradeFlags>
    <UpgradeBackupLocation>
    </UpgradeBackupLocation>
    <OldToolsVersion>3.5</OldToolsVersion>
    <TargetFrameworkVersion>v3.5</TargetFrameworkVersion>
    <PublishUrl>publish\</PublishUrl>
    <Install>true</Install>
    <InstallFrom>Disk</InstallFrom>
    <UpdateEnabled>false</UpdateEnabled>
    <UpdateMode>Foreground</UpdateMode>
    <UpdateInterval>7</UpdateInterval>
    <UpdateIntervalUnits>Days</UpdateIntervalUnits>
    <UpdatePeriodically>false</UpdatePeriodically>
    <UpdateRequired>false</UpdateRequired>
    <MapFileExtensions>true</MapFileExtensions>
    <ApplicationRevision>0</ApplicationRevision>
    <ApplicationVersion>1.0.0.%2a</ApplicationVersion>
    <IsWebBootstrapper>false</IsWebBootstrapper>
    <UseApplicationTrust>false</UseApplicationTrust>
    <BootstrapperEnabled>true</BootstrapperEnabled>
    <TargetFrameworkProfile />
  </PropertyGroup>
  <PropertyGroup Condition=" '$(Configuration)|$(Platform)' == 'Debug|AnyCPU' ">
    <DebugSymbols>true</DebugSymbols>
    <DebugType>full</DebugType>
    <Optimize>false</Optimize>
    <OutputPath>bin\Debug\</OutputPath>
    <DefineConstants>DEBUG;TRACE</DefineConstants>
    <ErrorReport>prompt</ErrorReport>
    <WarningLevel>4</WarningLevel>
    <CodeAnalysisRuleSet>AllRules.ruleset</CodeAnalysisRuleSet>
  </PropertyGroup>
  <PropertyGroup Condition=" '$(Configuration)|$(Platform)' == 'Release|AnyCPU' ">
    <DebugType>pdbonly</DebugType>
    <Optimize>true</Optimize>
    <OutputPath>bin\Release\</OutputPath>
    <DefineConstants>TRACE</DefineConstants>
    <ErrorReport>prompt</ErrorReport>
    <WarningLevel>4</WarningLevel>
    <CodeAnalysisRuleSet>AllRules.ruleset</CodeAnalysisRuleSet>
  </PropertyGroup>
  <ItemGroup>
    <Reference Include="System" />
    <Reference Include="System.Data" />
    <Reference Include="System.Xml" />
  </ItemGroup>
  <ItemGroup>
    <Compile Include="Domain\Backup.cs" />
    <Compile Include="Domain\Forward.cs" />
    <Compile Include="Domain\MeasureElement.cs" />
    <Compile Include="Domain\Clef.cs" />
    <Compile Include="Domain\Encoding.cs" />
    <Compile Include="Domain\Identification.cs" />
    <Compile Include="Domain\Key.cs" />
    <Compile Include="Domain\Lyric.cs" />
    <Compile Include="Domain\Measure.cs" />
    <Compile Include="Domain\MeasureAttributes.cs" />
    <Compile Include="Domain\Note.cs" />
    <Compile Include="Domain\Part.cs" />
    <Compile Include="Domain\Pitch.cs" />
    <Compile Include="Domain\Score.cs" />
    <Compile Include="Domain\Time.cs" />
    <Compile Include="MusicXmlParser.cs" />
    <Compile Include="Properties\AssemblyInfo.cs" />
  </ItemGroup>
  <ItemGroup>
    <BootstrapperPackage Include="Microsoft.Net.Client.3.5">
      <Visible>False</Visible>
      <ProductName>.NET Framework 3.5 SP1 Client Profile</ProductName>
      <Install>false</Install>
    </BootstrapperPackage>
    <BootstrapperPackage Include="Microsoft.Net.Framework.3.5.SP1">
      <Visible>False</Visible>
      <ProductName>.NET Framework 3.5 SP1</ProductName>
      <Install>true</Install>
    </BootstrapperPackage>
    <BootstrapperPackage Include="Microsoft.Windows.Installer.3.1">
      <Visible>False</Visible>
      <ProductName>Windows Installer 3.1</ProductName>
      <Install>true</Install>
    </BootstrapperPackage>
  </ItemGroup>
  <Import Project="$(MSBuildBinPath)\Microsoft.CSharp.targets" />
  <!-- To modify your build process, add your task inside one of the targets below and uncomment it. 
       Other similar extension points exist, see Microsoft.Common.targets.
  <Target Name="BeforeBuild">
  </Target>
  <Target Name="AfterBuild">
  </Target>
  -->
</Project>