<?xml version='1.0' encoding='UTF-8'?>
<resources>
  <string name="accept">Conectar</string>
  <string name="add_to_contacts">Agregar a contactos</string>
  <string name="address">Dirección:</string>
  <string name="allow_check_website_security">Verificar seguridad del sitio web</string>
  <string name="app_details">Detalles de la aplicación:</string>
  <string name="app_name">Escáner</string>
  <string name="back">Atrás</string>
  <string name="barcode_into_rectangle">Alinear el código en el cuadro de abajo</string>
  <string name="birthday">Cumpleaños:</string>
  <string name="camera_error">"Ha ocurrido un error con la cámara"</string>
  <string name="cancel">Cancelar</string>
  <string name="choose_picture">Elija imagen con el código QR</string>
  <string name="close_flash_error">"No se puede apagar el flash"</string>
  <string name="cloud_album_details">Detalles del álbum:</string>
  <string name="company">Empresa:</string>
  <string name="connect_wifi">Conectarse a esta red</string>
  <string name="contact_details">Datos de contacto:</string>
  <string name="continue_access_web_url">Ir al sitio web</string>
  <string name="continue_to_website">Ir al sitio web</string>
  <string name="copy">Copiar</string>
  <string name="copy_succeed">Copiado</string>
  <string name="copy_text">Copiar texto</string>
  <string name="copy_text_success">Texto copiado</string>
  <string name="download_by_browser">Descargar con el navegador</string>
  <string name="download_qq">Descargar QQ</string>
  <string name="download_wechat">Descargar WeChat</string>
  <string name="email">Email:</string>
  <string name="fail_generate_barcode">"No se pudo crear el código"</string>
  <string name="find_cloud_album">Escanear código QR de álbum</string>
  <string name="flash_lable">Flash</string>
  <string name="import_contact">Importar contacto</string>
  <string name="launch_market">Abrir Mi Market</string>
  <string name="launch_qq">Abrir QQ en el navegador</string>
  <string name="launch_wechat">Abrir WeChat</string>
  <string name="name">Nombre:</string>
  <string name="nickname">Apodo:</string>
  <string name="not_insert_contact">No se puede añadir el contacto</string>
  <string name="not_recommend_access_web_url">Ir al sitio web de todas formas</string>
  <string name="not_tips">Recordar preferencia</string>
  <string name="note">Notas:</string>
  <string name="open_flash_error">"No se puede encender el flash"</string>
  <string name="phone">Teléfono:</string>
  <string name="picker_lable">Fotografía</string>
  <string name="place_barcode_into_rectangle">Alinear el código en el cuadro de abajo</string>
  <string name="qq_details">Detalles de QQ:</string>
  <string name="qr_code_details">Detalles del código QR:</string>
  <string name="recognize">Escanear</string>
  <string name="recognize_fail">"No se pudo leer el código"</string>
  <string name="scan_fail">"No se pudo escanear el código"</string>
  <string name="scan_qrcode">Escanear el código QR</string>
  <string name="scan_result">Código QR escaneado</string>
  <string name="secure_access_web_url">Ir al sitio web</string>
  <string name="see_app_details">Ver detalles de la aplicación</string>
  <string name="settings">Ajustes</string>
  <string name="success_message_import_from_account">Importados</string>
  <string name="tips_message">"Conectarse a internet para comprobar si el sitio que va a visitar es seguro."</string>
  <string name="tips_title">Conexión a internet</string>
  <string name="title">Título:</string>
  <string name="url_is_phish">Este sitio web es sospechoso de suplantación de identidad.</string>
  <string name="url_is_safety">Este sitio web es seguro.</string>
  <string name="url_is_unknown">"No se puede confirmar si este sitio es seguro."</string>
  <string name="url_is_unsafety">"Este sitio presenta un riesgo para la seguridad de sus datos."</string>
  <string name="vcard_prompt">"No hay ningún nombre asociado con esta tarjeta."</string>
  <string name="visit_cloud_album">Ver álbum</string>
  <string name="web">Sitio web:</string>
  <string name="web_url_apk_warning">Esta aplicación es de una fuente desconocida. Su dispositivo y sus datos son más vulnerables a ataques de aplicaciones provenientes de fuentes desconocidas.</string>
  <string name="web_url_warning">El sitio web enlazado proviene de una fuente desconocida y puede suponer un riesgo de seguridad.</string>
  <string name="website_details">Detalles del sitio web:</string>
  <string name="wechat_details">Detalles de WeChat:</string>
  <string name="wifi_connect_current_connetion">Conectado a red Wi-Fi</string>
  <string name="wifi_connect_fail">"No se puede conectar a la red"</string>
  <string name="wifi_connect_not_found">No se han detectado redes Wi-Fi</string>
  <string name="wifi_connect_success">Conectado a la red</string>
  <string name="wifi_connecting">Conectando…</string>
  <string name="wifi_details">Detalles de la red Wi-Fi:</string>
  <string name="wifi_open_fail">"No se pudo abrir la red Wi-Fi"</string>
  <string name="wifi_pwd">Contraseña:</string>
  <string name="wifi_security">Seguridad:</string>
  <string name="wifi_ssid">SSID:</string>
  <string name="wifi_warning">Antes de conectarse, asegúrese de que la red es segura.</string>
</resources>
