<?xml version='1.0' encoding='UTF-8'?>
<resources>
  <string name="access_history">Historial</string>
  <string name="action_item_delete">Borrar</string>
  <string name="add_favorite">Destacado</string>
  <string name="app_name">Radio</string>
  <string name="app_to_share">Completar acción utilizando</string>
  <string name="avoid_to_use_traffic_summary">"El uso de la conexión de datos móviles para descargar contenido aumentará el uso de datos. Si se pasa del límite de datos contratado, su compañía podría cobrarle gastos adicionales."</string>
  <string name="avoid_to_use_traffic_title">Advertencia de datos móviles</string>
  <string name="batch_download_start_toast">Descargando…</string>
  <string name="bluetooth_device">Dispositivo Bluetooth</string>
  <string name="broadcasting">"Reproduciendo: "</string>
  <string name="buffering">Cargando búfer…</string>
  <string name="cancel">Cancelar</string>
  <string name="category_account">CUENTA</string>
  <string name="category_data_usage">USO DE DATOS</string>
  <string name="category_download">DESCARGA</string>
  <string name="category_sleep_mode">TEMPORIZADOR</string>
  <string name="category_tone_quality">CALIDAD DE SONIDO</string>
  <string name="channel_off">Este programa ya no está disponible</string>
  <string name="click_to_play">Vacío</string>
  <string name="confirm_delete_history_text">¿Borrar elementos seleccionados?</string>
  <string name="continue_play">Reproducir</string>
  <string name="device_connected">Conectado</string>
  <string name="device_not_connected">No conectado</string>
  <string name="dialog_title_download_quality">Calidad de descarga</string>
  <string name="dialog_title_listen_quality">Elija la calidad del audio</string>
  <string name="dialog_title_tone_quality">Calidad de streaming</string>
  <string name="download_completed">Descargado</string>
  <string name="download_invalid">Sin fuentes</string>
  <string name="download_network_is_not_available">"No es posible conectar a la red"</string>
  <string name="download_progress_toast">%1$d%%</string>
  <string name="download_start_toast">Descargando %1$s (%2$dbps)</string>
  <string name="download_successful">Descargado</string>
  <string name="durationformatlong">%1$d:%3$02d:%5$02d</string>
  <string name="durationformatshort">%2$d:%5$02d</string>
  <string name="durationformatshort_padding_with_0">%2$02d:%5$02d</string>
  <string name="favorite">Favorito</string>
  <string name="find_program">Descubrir</string>
  <string name="first_program">Programa</string>
  <string name="has_no_program_now">Vacío</string>
  <string name="high_quality">Más alta (48 kbps)</string>
  <string name="hotlist_name">Destacado</string>
  <string name="impunity_declaration">La radio necesita conectarse a internet y posicionamiento para funcionar con normalidad.</string>
  <string name="impunity_declaration_ignore">"No mostrar de nuevo"</string>
  <string name="impunity_declaration_negative_text">"No permitir"</string>
  <string name="impunity_declaration_positive_text">Aceptar</string>
  <string name="impunity_declaration_title">Conexión a internet</string>
  <string name="intelligent_model">Streaming de alta calidad por Wi-Fi</string>
  <string name="intelligent_model_summary">Utilizar streaming de alta calidad sólo cuando esté conectado por Wi-Fi (ahorra datos móviles)</string>
  <string name="like_channel">Programas similares a %1$s</string>
  <string name="load_failed">"No se puede conectar a la red"</string>
  <string name="loading_broadcasting">Un momento…</string>
  <string name="loading_hint">Cargando…</string>
  <string name="local_list_item_history">Historial</string>
  <string name="local_program">Local</string>
  <string name="max_sleep_time">90</string>
  <string name="metered_alert">Advertencia de uso de datos</string>
  <string name="metered_alert_msg">El uso de la red de datos móviles para escuchar música aumentará el uso de datos. Si se pasa del límite de datos contratados, su compañía podría cobrarle gastos adicionales.</string>
  <string name="metered_allow">Stream</string>
  <string name="metered_disallow">Cancelar</string>
  <string name="metered_network_text">Streaming usando red medida</string>
  <string name="metered_play_toast">Usando conexión de datos móviles para streaming de radio</string>
  <string name="min_sleep_time">1</string>
  <string name="more">Más</string>
  <string name="my_favorite">FAVORITOS</string>
  <string name="my_program">Local</string>
  <string name="no_display_channel_text">Sin programas</string>
  <string name="no_display_history_text">Sin historial</string>
  <string name="no_display_other_text">Sin resultados</string>
  <string name="no_download_text">Sin descargas</string>
  <string name="no_network_button_radio">Usar radio FM</string>
  <string name="no_network_button_refresh">Refrescar</string>
  <string name="no_network_text">"No se puede conectar a la red."</string>
  <string name="no_program">Vacío</string>
  <string name="normal_quality">Normal (24 kbps)</string>
  <string name="not_login">Sesión no iniciada</string>
  <string name="notification_description_from_radio">Radio</string>
  <string name="ok">Aceptar</string>
  <string name="play_local_sound">Reproduciendo local: %1$s</string>
  <string name="play_quality_toast">Elegir calidad de streaming</string>
  <string name="presonal_center">Cuenta</string>
  <string name="priority_storage">Usar tarjeta SD externa</string>
  <string name="priority_storage_summary">Descarga automáticamente a la tarjeta SD externa si está disponible</string>
  <string name="project_device">Teléfono Mi</string>
  <string name="qingting_logo"> | %1$s </string>
  <string name="remaining_time">"Tiempo restante: "</string>
  <string name="search_hint">Buscar</string>
  <string name="select_device">Seleccionar dispositivo</string>
  <string name="share">Compartir</string>
  <string name="share_button">Compartir</string>
  <string name="share_text">desde Radio Xiaomi [%1$s]</string>
  <string name="share_text_other">Escuchar %1$s a %2$s.</string>
  <string name="sleep_mode_canceled">Temporizador apagado</string>
  <string name="still_in_dev">"Todavía estamos trabajando en esta funcionalidad"</string>
  <string name="summary_download">"No utilizar datos móviles para descargar contenido de radio"</string>
  <string name="summary_download_quality">Elegir calidad de descarga</string>
  <string name="summary_off_sleep_mode">Parar la radio después de un tiempo</string>
  <string name="summary_on_sleep_mode">Parar la radio después de un tiempo</string>
  <string name="summary_tone_quality">Streaming de audio a diferentes calidades</string>
  <string name="title_account">Cuenta Mi</string>
  <string name="title_download">Descargar nuevo contenido en emisoras favoritas de forma automática</string>
  <string name="title_download_quality">Calidad de descarga</string>
  <string name="title_settings">Radio</string>
  <string name="title_sleep_mode">Temporizador</string>
  <string name="title_tone_quality">Calidad de sonido en radio</string>
  <string name="tone_high_quality">Streaming de alta calidad siempre</string>
  <string name="tone_high_quality_summary">Usar datos móviles para hacer streaming de alta calidad de audio</string>
  <string name="ultra_high_quality">Buena (64 kbps)</string>
  <string name="unfavorite">No favorito</string>
  <string name="updated">" actualizado"</string>
  <string name="use_fm_radio_failed">"Este dispositivo no puede usar radio FM"</string>
</resources>
