<?xml version='1.0' encoding='UTF-8'?>
<resources>
  <string name="about_to_receive">Recibiendo…</string>
  <string name="about_to_send">Enviar</string>
  <string name="action_bar_home_description">Ir a Home</string>
  <string name="action_bar_up_description">Ir arriba</string>
  <string name="activate">Activar</string>
  <string name="activate_fail_notification_title">Reactivar servicio de sincronización Xiaomi</string>
  <string name="activating">Activando…</string>
  <string name="alwaysUsePrompt">Establecer como predeterminado (no preguntar la próxima vez)</string>
  <string name="android_lockscreen_glogin_instructions">Para desbloquear, inicie sesión</string>
  <string name="anniversary_of_lifting_martial_law">Aniversario del Levantamiento de la Ley Marcial</string>
  <string name="anti_aggression_day">Día de la Agresión Japonesa</string>
  <string name="app_name">Transferir</string>
  <string name="app_no_notification">nada</string>
  <string name="app_notificaiton_on_notificationBar">Barra de notificaciones</string>
  <string name="app_notificaiton_on_statusBar_and_notificationBar">Barra de estado, barra de notificaciones</string>
  <string name="arbor_day">Día del Árbol</string>
  <string name="armed_forces_day">Día de las Fuerzas Armadas</string>
  <string name="autumn_begins">Inicio del Otoño</string>
  <string name="autumn_equinox">Equinoccio de Otoño</string>
  <string name="button_last">Comenzar</string>
  <string name="button_next">Siguiente</string>
  <string name="button_pre">Atrás</string>
  <string name="callNoAnswerTimeFormat">Sonó %s veces</string>
  <string name="call_record_or">o</string>
  <string name="call_record_sample_prefix_miui">Grabación de llamada</string>
  <string name="caller_info_name_delimiter">O</string>
  <string name="cancel">Cancelar</string>
  <string name="cancel_alert">¿Descartar los cambios?</string>
  <string name="cancel_receive">Dejar de recibir</string>
  <string name="cancel_send">Cancelar enviar</string>
  <string name="canceling">Cancelando…</string>
  <string name="check_phone_error_title">Error al activar el servicio de sincronización</string>
  <string name="check_phone_io_error">Error de red</string>
  <string name="childrens_day">Día del Niño</string>
  <string name="chinese_youth_day">Día de la Juventud</string>
  <string name="choose_title">Seleccione archivo</string>
  <string name="christmas_day">Navidad</string>
  <string name="clear_and_bright">Claro y Brillante</string>
  <string name="cold_dews">Rocío</string>
  <string name="connect_confirm">%1$s solicita conexión</string>
  <string name="connecting">Conectando…</string>
  <string name="contact_carrier_message">Contacte al operador si existen preguntas</string>
  <string name="continue_to_send">Continuar la transferencia</string>
  <string name="country_name_ac">AC</string>
  <string name="country_name_ad">AD</string>
  <string name="country_name_ae">AE</string>
  <string name="country_name_af">AF</string>
  <string name="country_name_ag">AG</string>
  <string name="country_name_ai">AI</string>
  <string name="country_name_al">AL</string>
  <string name="country_name_am">AM</string>
  <string name="country_name_an">AN</string>
  <string name="country_name_ao">AO</string>
  <string name="country_name_ar">AR</string>
  <string name="country_name_as">AS</string>
  <string name="country_name_at">AT</string>
  <string name="country_name_au">AU</string>
  <string name="country_name_aw">AW</string>
  <string name="country_name_az">AZ</string>
  <string name="country_name_ba">BA</string>
  <string name="country_name_bb">BB</string>
  <string name="country_name_bd">BD</string>
  <string name="country_name_be">BE</string>
  <string name="country_name_bf">BF</string>
  <string name="country_name_bg">BG</string>
  <string name="country_name_bh">BH</string>
  <string name="country_name_bi">BI</string>
  <string name="country_name_bj">BJ</string>
  <string name="country_name_bm">BM</string>
  <string name="country_name_bn">BN</string>
  <string name="country_name_bo">BO</string>
  <string name="country_name_br">BR</string>
  <string name="country_name_bs">BS</string>
  <string name="country_name_bt">BT</string>
  <string name="country_name_bw">BW</string>
  <string name="country_name_by">BY</string>
  <string name="country_name_bz">BZ</string>
  <string name="country_name_cd">CD</string>
  <string name="country_name_cf">CF</string>
  <string name="country_name_cg">CG</string>
  <string name="country_name_ch">CH</string>
  <string name="country_name_ci">CI</string>
  <string name="country_name_ck">CK</string>
  <string name="country_name_cl">CL</string>
  <string name="country_name_cm">CM</string>
  <string name="country_name_cn">CN</string>
  <string name="country_name_co">CO</string>
  <string name="country_name_cr">CR</string>
  <string name="country_name_cu">CU</string>
  <string name="country_name_cv">CV</string>
  <string name="country_name_cy">CY</string>
  <string name="country_name_cz">CZ</string>
  <string name="country_name_de">DE</string>
  <string name="country_name_dj">DJ</string>
  <string name="country_name_dk">DK</string>
  <string name="country_name_dm">DM</string>
  <string name="country_name_do">DO</string>
  <string name="country_name_dz">DZ</string>
  <string name="country_name_ec">EC</string>
  <string name="country_name_ee">EE</string>
  <string name="country_name_eg">EG</string>
  <string name="country_name_er">ER</string>
  <string name="country_name_es">ES</string>
  <string name="country_name_et">ET</string>
  <string name="country_name_fi">FI</string>
  <string name="country_name_fj">FJ</string>
  <string name="country_name_fk">FK</string>
  <string name="country_name_fm">FM</string>
  <string name="country_name_fo">FO</string>
  <string name="country_name_fr">FR</string>
  <string name="country_name_ga">GA</string>
  <string name="country_name_gd">GD</string>
  <string name="country_name_ge">GE</string>
  <string name="country_name_gf">GF</string>
  <string name="country_name_gg">GG</string>
  <string name="country_name_gh">GH</string>
  <string name="country_name_gi">GI</string>
  <string name="country_name_gl">GL</string>
  <string name="country_name_gm">GM</string>
  <string name="country_name_gn">GN</string>
  <string name="country_name_gp_bl_mf">GP/BL/MF</string>
  <string name="country_name_gq">GQ</string>
  <string name="country_name_gr">GR</string>
  <string name="country_name_gt">GT</string>
  <string name="country_name_gu">GU</string>
  <string name="country_name_gw">GW</string>
  <string name="country_name_gy">GY</string>
  <string name="country_name_hk">HK</string>
  <string name="country_name_hn">HN</string>
  <string name="country_name_hr">HR</string>
  <string name="country_name_ht">HT</string>
  <string name="country_name_hu">HU</string>
  <string name="country_name_id">ID</string>
  <string name="country_name_ie">IE</string>
  <string name="country_name_il">IL</string>
  <string name="country_name_im">IM</string>
  <string name="country_name_in">IN</string>
  <string name="country_name_io">IO</string>
  <string name="country_name_iq">IQ</string>
  <string name="country_name_ir">IR</string>
  <string name="country_name_is">IS</string>
  <string name="country_name_it">IT</string>
  <string name="country_name_je">JE</string>
  <string name="country_name_jm">JM</string>
  <string name="country_name_jo">JO</string>
  <string name="country_name_jp">JP</string>
  <string name="country_name_ke">KE</string>
  <string name="country_name_kg">KG</string>
  <string name="country_name_kh">KH</string>
  <string name="country_name_ki">KI</string>
  <string name="country_name_km">KM</string>
  <string name="country_name_kn">KN</string>
  <string name="country_name_kp">KP</string>
  <string name="country_name_kr">KR</string>
  <string name="country_name_kw">KW</string>
  <string name="country_name_ky">KY</string>
  <string name="country_name_la">LA</string>
  <string name="country_name_lb">LB</string>
  <string name="country_name_lc">LC</string>
  <string name="country_name_li">LI</string>
  <string name="country_name_lk">LK</string>
  <string name="country_name_lr">LR</string>
  <string name="country_name_ls">LS</string>
  <string name="country_name_lt">LT</string>
  <string name="country_name_lu">LU</string>
  <string name="country_name_lv">LV</string>
  <string name="country_name_ly">LY</string>
  <string name="country_name_ma">MA</string>
  <string name="country_name_mc">MC</string>
  <string name="country_name_md">MD</string>
  <string name="country_name_me">ME</string>
  <string name="country_name_mg">MG</string>
  <string name="country_name_mh">MH</string>
  <string name="country_name_mk">MK</string>
  <string name="country_name_ml">ML</string>
  <string name="country_name_mm">MM</string>
  <string name="country_name_mn">MN</string>
  <string name="country_name_mo">MO</string>
  <string name="country_name_mp">MP</string>
  <string name="country_name_mq">MQ</string>
  <string name="country_name_mr">MR</string>
  <string name="country_name_ms">MS</string>
  <string name="country_name_mt">MT</string>
  <string name="country_name_mu">MU</string>
  <string name="country_name_mv">MV</string>
  <string name="country_name_mw">MW</string>
  <string name="country_name_mx">MX</string>
  <string name="country_name_my">MY</string>
  <string name="country_name_mz">MZ</string>
  <string name="country_name_na">NA</string>
  <string name="country_name_nc">NC</string>
  <string name="country_name_ne">NE</string>
  <string name="country_name_ng">NG</string>
  <string name="country_name_ni">NI</string>
  <string name="country_name_nl">NL</string>
  <string name="country_name_no">NO</string>
  <string name="country_name_np">NP</string>
  <string name="country_name_nr">NR</string>
  <string name="country_name_nu">NU</string>
  <string name="country_name_nz">NZ</string>
  <string name="country_name_om">OM</string>
  <string name="country_name_pa">PA</string>
  <string name="country_name_pe">PE</string>
  <string name="country_name_pf">PF</string>
  <string name="country_name_pg">PG</string>
  <string name="country_name_ph">PH</string>
  <string name="country_name_pk">PK</string>
  <string name="country_name_pl">PL</string>
  <string name="country_name_pm">PM</string>
  <string name="country_name_pr">PR</string>
  <string name="country_name_ps">PS</string>
  <string name="country_name_pt">PT</string>
  <string name="country_name_pw">PW</string>
  <string name="country_name_py">PY</string>
  <string name="country_name_qa">QA</string>
  <string name="country_name_re_yt">RE/YT</string>
  <string name="country_name_ro">RO</string>
  <string name="country_name_rs">RS</string>
  <string name="country_name_ru_kz">RU/KZ</string>
  <string name="country_name_rw">RW</string>
  <string name="country_name_sa">SA</string>
  <string name="country_name_sb">SB</string>
  <string name="country_name_sc">SC</string>
  <string name="country_name_sd">SD</string>
  <string name="country_name_se">SE</string>
  <string name="country_name_sg">SG</string>
  <string name="country_name_sh">SH</string>
  <string name="country_name_si">SI</string>
  <string name="country_name_sk">SK</string>
  <string name="country_name_sl">SI</string>
  <string name="country_name_sm">SM</string>
  <string name="country_name_sn">SN</string>
  <string name="country_name_so">SO</string>
  <string name="country_name_sr">SR</string>
  <string name="country_name_st">ST</string>
  <string name="country_name_sv">SV</string>
  <string name="country_name_sx">SX</string>
  <string name="country_name_sy">SY</string>
  <string name="country_name_sz">SZ</string>
  <string name="country_name_tc">TC</string>
  <string name="country_name_td">TD</string>
  <string name="country_name_tg">TG</string>
  <string name="country_name_th">TH</string>
  <string name="country_name_tj">TJ</string>
  <string name="country_name_tk">TK</string>
  <string name="country_name_tl">TL</string>
  <string name="country_name_tm">TM</string>
  <string name="country_name_tn">TN</string>
  <string name="country_name_to">TO</string>
  <string name="country_name_tr">TR</string>
  <string name="country_name_tt">TT</string>
  <string name="country_name_tv">TV</string>
  <string name="country_name_tw">TW</string>
  <string name="country_name_tz">TZ</string>
  <string name="country_name_ua">UA</string>
  <string name="country_name_ug">UG</string>
  <string name="country_name_uk">UK</string>
  <string name="country_name_us_ca">US</string>
  <string name="country_name_uy">UY</string>
  <string name="country_name_uz">UZ</string>
  <string name="country_name_va">VA</string>
  <string name="country_name_vc">VC</string>
  <string name="country_name_ve">VE</string>
  <string name="country_name_vg">VG</string>
  <string name="country_name_vi">VI</string>
  <string name="country_name_vn">VN</string>
  <string name="country_name_vu">VU</string>
  <string name="country_name_wf">WF</string>
  <string name="country_name_ws">WS</string>
  <string name="country_name_ye">YE</string>
  <string name="country_name_za">ZA</string>
  <string name="country_name_zm">ZM</string>
  <string name="country_name_zw">ZW</string>
  <string name="day_following_good_friday">Día siguiente a Viernes Santo</string>
  <string name="day_of_month">" %d"</string>
  <string name="days">%d días</string>
  <string name="def_alarm_alert">/system/media/audio/alarms/GoodMorning.ogg</string>
  <string name="def_notification_sound">/system/media/audio/notifications/FadeIn.ogg</string>
  <string name="def_ringtone">/system/media/audio/ringtones/MI.ogg</string>
  <string name="def_sms_delivered_sound">/system/media/audio/ui/MessageComplete.ogg</string>
  <string name="def_sms_received_sound">/system/media/audio/notifications/FadeIn.ogg</string>
  <string name="delete">Eliminar</string>
  <string name="device_default_name">Xiaomi</string>
  <string name="device_edit_title">Cambiar el nombre de teléfono</string>
  <string name="device_hongmi">Teléfono hongmi</string>
  <string name="device_name">Nombre de dispositivo</string>
  <string name="device_name_input_error">No se pudo guardar el nombre del dispositivo</string>
  <string name="device_name_input_hint">Escriba nombre</string>
  <string name="device_name_tip">Introduzca el nombre del dispositivo</string>
  <string name="device_name_usage_point">Este nombre será visible para otros dispositivos con Bluetooth activado en su área</string>
  <string name="device_xiaomi">Teléfono Xiaomi</string>
  <string name="double_seventh_day">Día del doble séptimo día</string>
  <string name="easter">Pascua</string>
  <string name="editmode_menu_delete">Eliminar</string>
  <string name="editmode_menu_share">Compartir</string>
  <string name="emergency_call_string">Emergencias</string>
  <string name="err_resource_leak">Por desgracia, %1$s se ha detenido por falta de recursos.</string>
  <string name="error_bad_file">Archivo corrupto</string>
  <string name="error_connect_service">"No se puede conectar con el servicio de transferencia"</string>
  <string name="error_download">Se ha producido un error desconocido</string>
  <string name="error_forbidden">Su cuenta presenta problemas. Sincronización desactivada.</string>
  <string name="error_general">Se ha producido un error desconocido</string>
  <string name="error_network">Error de red</string>
  <string name="error_not_acceptable">Servidor defectuoso. Sincronización desactivada.</string>
  <string name="error_not_enough_space">No hay espacio suficiente</string>
  <string name="error_not_selected">ningún archivo seleccionado o no existe el archivo</string>
  <string name="error_peer_disconnected">Par desconectado</string>
  <string name="error_select">Error de archivo</string>
  <string name="error_title">Error de sincronización para %s</string>
  <string name="error_transmit">Error de transferencia</string>
  <string name="error_unauthorized">Demasiados fallos de autenticación. Sincronización desactivada.</string>
  <string name="error_upload">Error de upload</string>
  <string name="every_day">Todos los días</string>
  <string name="experimental_validate">Validar</string>
  <string name="experimental_validate_fail">Validación fallida, por favor intentelo nuevamente</string>
  <string name="experimental_validate_password">Contraseña</string>
  <string name="experimental_validate_progress">Validando…</string>
  <string name="experimental_validate_thanks">¡Gracias!</string>
  <string name="experimental_validate_username">Xiaomi ID</string>
  <string name="experimental_validate_warning">¡Su exploración ayuda MIUI a mejorar!</string>
  <string name="fail">Falló</string>
  <string name="failed">Falló</string>
  <string name="file_not_exist">el archivo no existe</string>
  <string name="find_device_check_sim">Comprobando SIM…</string>
  <string name="find_device_sim_change_instructions">"Su dispositivo ha sido bloqueado. Por favor inserte la tarjeta SIM, o introduzca la contraseña de su cuenta Xiaomi"</string>
  <string name="find_device_sim_change_instructions_no_network">"Su dispositivo ha sido bloqueado por favor inserte la tarjeta SIM"</string>
  <string name="find_device_turn_off_flight_mode">Desactivar el modo avión</string>
  <string name="find_device_turn_off_flight_mode_instructions">"El dispositivo ha sido bloqueado. Por favor desactive el modo avión."</string>
  <string name="finish">Completa</string>
  <string name="firewall_setting">AntiSpam</string>
  <string name="first_back_long_press_message">"¿Quiere activar la función de pulsación larga en la tecla atrás para matar el proceso actual y sus servicios de fondo?

Permitir vía Ajustes &gt; Sistema &gt; Configuración de botones"</string>
  <string name="first_in_tip">Usando Transferencia</string>
  <string name="fm_record_smaple_prefix_miui">FMRecording</string>
  <string name="fools_day">Día de los Santos Inocentes</string>
  <string name="force_exit_message">Cerrado con éxito \"%1$s\"</string>
  <string name="forget_password_string">Olvidar contraseña</string>
  <string name="format_time_in_12_hours">hh:mma</string>
  <string name="global_action_privacy_mode_dialog_message">En modo protegido, llamadas, notas, datos de la galería y mensajes de texto estarán ocultos y el launcher no podrá entrar en modo de edición. Puede establecer una contraseña para acceder al modo protegido en configuración de Control de Acceso</string>
  <string name="global_action_toggle_privacy_mode">Protegido</string>
  <string name="goback">Atrás</string>
  <string name="good_friday">Viernes Santo</string>
  <string name="grain_buds">Brote del grano</string>
  <string name="grain_in_ear">Grano en la Oreja</string>
  <string name="grain_rain">Lluvia de Grano</string>
  <string name="grant_permissions_account">Petición de acceso a Cuenta</string>
  <string name="grant_permissions_apps">Petición de acceso a Apps</string>
  <string name="great_cold">Mucho frío</string>
  <string name="great_heat">Mucho calor</string>
  <string name="group_name_contacts">Contactos</string>
  <string name="group_name_coworkers">Compañeros de trabajo</string>
  <string name="group_name_family">Familia</string>
  <string name="group_name_friends">Amigos</string>
  <string name="guide_label">Guía de transferencia</string>
  <string name="heavy_snow">Fuerte nevada</string>
  <string name="history">Historial de transferencias</string>
  <string name="history_all">Todo el historial</string>
  <string name="history_receive">Historial de recepción</string>
  <string name="history_send">Historial de envío</string>
  <string name="hksar_establishment_day">Región Administrativa</string>
  <string name="hoar_frost_falls">Hielo</string>
  <string name="hours">%d horas</string>
  <string name="incorrect_pincode">Código PIN erróneo</string>
  <string name="incorrect_pincode_remaining_attempts">Código PIN incorrecto, intentos restantes %d</string>
  <string name="incorrect_pukcode">Código PUK erróneo</string>
  <string name="incorrect_pukcode_remaining_attempts">Código PUK incorrecto, intentos restantes %d</string>
  <string name="input_device_name">Introduzca el nombre del dispositivo</string>
  <string name="input_device_name_tip">Este nombre será visible para otros dispositivos Bluetooth en su área.</string>
  <string name="input_pin_code">Introduzca el PIN</string>
  <string name="input_pin_code_to_unlock">Introduzca el PIN para desbloquear el dispositivo</string>
  <string name="input_puk_code">Introduzca el PUK</string>
  <string name="input_puk_code_to_unlock">Introduzca el PUK para desbloquear el dispositivo</string>
  <string name="insects_awaken">Despertar de los Insectos</string>
  <string name="international_womens_day">Día Internacional de la Mujer</string>
  <string name="labour_day">Día laboral</string>
  <string name="lantern_festival">Festival de los Faroles</string>
  <string name="light_snow">Leve nevada</string>
  <string name="loading">Cargando…</string>
  <string name="lock_screen_date">"dd/MM/yyyy
 EEEE"</string>
  <string name="lockscreen_access_pattern_cell_added">Patrón añadido</string>
  <string name="lockscreen_access_pattern_cleared">Patrón borrado</string>
  <string name="lockscreen_access_pattern_detected">Patrón completado</string>
  <string name="lockscreen_access_pattern_start">Patrón iniciado</string>
  <string name="lockscreen_emergency_call">Llamada de emergencia</string>
  <string name="lockscreen_failed_attempts_almost_glogin" formatted="false">"Ha introducido su contraseña incorrectamente %d veces. Después de %d intentos incorrectos más, se le pedirá que desbloquee el teléfono iniciando sesión en su cuenta.

Inténtelo de nuevo en %d segundos."</string>
  <string name="lockscreen_forgot_pattern_button_text">¿Olvidó el patrón?</string>
  <string name="lockscreen_pattern_instructions">Dibuje el patrón de desbloqueo</string>
  <string name="lockscreen_pattern_wrong">Inténtelo de nuevo</string>
  <string name="lockscreen_too_many_failed_attempts_countdown">Inténtelo de nuevo en %d segundos.</string>
  <string name="lockscreen_transport_next_description">Botón de Pista Siguiente</string>
  <string name="lockscreen_transport_play_description">Botón de reproducción</string>
  <string name="lockscreen_transport_prev_description">Botón de Pista Anterior</string>
  <string name="lockscreen_unlock_sim_via_puk">Introduzca código PUK para desbloquear tarjeta SIM</string>
  <string name="login_website_in_case_forget_password">Visite i.xiaomi.com para restablecer la contraseña en caso de olvido</string>
  <string name="lunar_ba">Ocho</string>
  <string name="lunar_calendar">Calendario Lunar</string>
  <string name="lunar_chu">Primera</string>
  <string name="lunar_chu_shi">Décima</string>
  <string name="lunar_er">Segunda</string>
  <string name="lunar_er_shi">Veinte</string>
  <string name="lunar_jiu">Nueve</string>
  <string name="lunar_leap">Correr</string>
  <string name="lunar_ling">O</string>
  <string name="lunar_liu">Seis</string>
  <string name="lunar_nian">Veinte</string>
  <string name="lunar_qi">Siete</string>
  <string name="lunar_san">Tres</string>
  <string name="lunar_san_shi">Treinta</string>
  <string name="lunar_shi">Década</string>
  <string name="lunar_shi_er">Diciembre</string>
  <string name="lunar_shi_yi">Invierno</string>
  <string name="lunar_si">Cuatro</string>
  <string name="lunar_wu">5</string>
  <string name="lunar_year">años</string>
  <string name="lunar_yi">A</string>
  <string name="lunar_yue">Mes</string>
  <string name="lunar_zheng">Positivo</string>
  <string name="memory_clear_nothing_result">No hay memoria liberable actualmente</string>
  <string name="memory_clear_result">"Liberada con éxito %1$s memoria.
La memoria  disponible actualmente es %2$s"</string>
  <string name="minutes">%d minutos</string>
  <string name="miui_copyright_title">Copyright</string>
  <string name="miui_device_default_name">Android</string>
  <string name="miui_device_name">Android</string>
  <string name="miui_mibi_license_title">Acuerdo de usuario de Mi Credit</string>
  <string name="miui_privacy_policy_title">Política de privacidad</string>
  <string name="miui_unlockscreen_password_wrong">Inténtelo de nuevo</string>
  <string name="miui_user_agreement_title">Acuerdo de usuario</string>
  <string name="miui_user_manual_title">Manual de usuario</string>
  <string name="month_of_april">Abr</string>
  <string name="month_of_august">Ago</string>
  <string name="month_of_december">Dic</string>
  <string name="month_of_february">Feb</string>
  <string name="month_of_january">Ene</string>
  <string name="month_of_july">Jul</string>
  <string name="month_of_june">Jun</string>
  <string name="month_of_march">Mar</string>
  <string name="month_of_may">May</string>
  <string name="month_of_november">Nov</string>
  <string name="month_of_october">Oct</string>
  <string name="month_of_september">Sep</string>
  <string name="multi_select_title">%1$s elemento(s) seleccionado(s)</string>
  <string name="national_day">Día nacional</string>
  <string name="national_father_day">Día nacional del padre</string>
  <string name="never">Nunca</string>
  <string name="new_years_day">Día de año nuevo</string>
  <string name="no_content">Vacío</string>
  <string name="no_selected">Ningún archivo seleccionado</string>
  <string name="no_sim">No hay SIM, el servicio no está disponible</string>
  <string name="no_transfer_history">Sin histórico de transferencias</string>
  <string name="noti_completed">Completado: transferido(s) %1$d/%2$d archivo(s)</string>
  <string name="noti_receiving">%1$s:Recibiendo %2$d/%3$d archivo(s)</string>
  <string name="noti_sending">%1$s:Enviando %2$d/%3$d archivo(s)</string>
  <string name="noti_wait_receive">Esperando al remitente…</string>
  <string name="noti_wait_send">Esperando recibir: Asegúrese de que el remitente ha activado la conexión y puede enviar archivos</string>
  <string name="ok">Confirmado</string>
  <string name="open_wifi_settings">Conexión a red abierta</string>
  <string name="operation_delete">Eliminar</string>
  <string name="operation_goto_folder">Ir al directorio de archivos</string>
  <string name="operation_info">Info del archivo</string>
  <string name="operation_send">Enviar</string>
  <string name="partys_day">Día de fiestas</string>
  <string name="payphone">Teléfono público</string>
  <string name="peace_day">Día de la paz</string>
  <string name="perm_auto_backup">Copia de seguridad automática</string>
  <string name="perm_data_update_dspt">Permitir el envío de datos de actualización de marca de agua</string>
  <string name="perm_data_update_lab">Actualización de datos</string>
  <string name="perm_payment_dspt">La aplicación podrá pagar mediante el servicio de pago Xiaomi</string>
  <string name="perm_payment_lab">Servicio de pago Xiaomi</string>
  <string name="perm_send_push_dspt">Permitir el envío de mensaje automático de Xiaomi</string>
  <string name="perm_send_push_lab">Enviar mensaje automático</string>
  <string name="perm_tigger_toggle_dspt">Permitir a la Apps alternar configuraciones desde la barra de estado</string>
  <string name="perm_tigger_toggle_lab">Alternar configuraciones desde la barra de estado</string>
  <string name="perm_use_find_device">Encontrar dispositivo</string>
  <string name="permdesc_accessNote">La aplicación podrá leer y modificar sus notas almacenadas en el teléfono. Las aplicaciones pueden usar esto para enviar sus notas a otras personas o borrar todas sus notas.</string>
  <string name="permlab_accessNote">Acceder a sus notas</string>
  <string name="picker_title">Programas</string>
  <string name="pin_operation_failed">Error en la operación de PIN.</string>
  <string name="private_num">Número oculto</string>
  <string name="provider_114">Proporcionado por 114</string>
  <string name="provider_sougou">Proporcionado por Sougou</string>
  <string name="puk_operation_failed">Error en la operación de PUK.</string>
  <string name="reboot_confirm">El Teléfono se reiniciará</string>
  <string name="reboot_confirm_title">¿Está seguro de que desea reiniciar el teléfono?</string>
  <string name="reboot_progress">Reiniciando…</string>
  <string name="receive">Recibir</string>
  <string name="receive_cancel_tip">Transferencia incompleta. ¿Detener la transferencia y salir?</string>
  <string name="receive_cancel_tip2">Traslado cancelado: recibió %1$d / %2$d archivo(s)</string>
  <string name="receive_canceled">Cancelar</string>
  <string name="receive_cannot_created_file">Falló al crear el archivo</string>
  <string name="receive_files">Recibir</string>
  <string name="receive_finish">Recibir completado</string>
  <string name="receive_finish_tip">Recibido $1 %d archivo(s):</string>
  <string name="receive_from">Recibiendo de:</string>
  <string name="receive_store">Guardar archivo:</string>
  <string name="receive_uncompleted">Transferencia incompleta</string>
  <string name="received">Recibido</string>
  <string name="recv_sound">Recibir sonido</string>
  <string name="resend">Reenviar</string>
  <string name="retrocession_day">Día de la Independencia</string>
  <string name="return_to_me_message">Por favor devolver si estoy perdido</string>
  <string name="reverse_all">Borrar todo</string>
  <string name="safetylegal_activity_unreachable">El teléfono no está conectado a un servicio de datos. Para ver esta información ahora, ir a %s desde cualquier ordenador conectado a internet.</string>
  <string name="scan_2d_code">Escanear código 2D</string>
  <string name="scan_tip">"Asegúrese de que el destinatario ha activado la conexión y puede recibir archivos."</string>
  <string name="scan_title">Por favor, enfoque el código 2D</string>
  <string name="scanning">Escaneando…</string>
  <string name="screen_button_notification_text">"Pulse 'Home' + 'Encendido' para activar"</string>
  <string name="screen_button_notification_title">Los botones de pantalla están desabilitados</string>
  <string name="screen_on_proximity_sensor_hint">"Forzar la salida: pulsando las teclas 'Atrás' + 'Subir volumen'"</string>
  <string name="screen_on_proximity_sensor_summary">"No cubra la parte superior de la pantalla"</string>
  <string name="screen_on_proximity_sensor_title">Modo de prevención de mal funcionamiento</string>
  <string name="sd_not_available">Tarjeta SD desmontada o no disponible</string>
  <string name="sd_not_available_low_internal_storage">Tarjeta SD no montada o no disponible, almacenamiento interno con poco espacio</string>
  <string name="sd_not_available_saved_to_internal_storage">Guardado en almacenamiento interno</string>
  <string name="sd_not_available_use_internal_storage">Tarjeta SD no disponible, guardado en almacenamiento interno</string>
  <string name="sdcard_unavailable">La tarjeta SD no está disponible</string>
  <string name="select">Seleccionar</string>
  <string name="select_all">Seleccionar todo</string>
  <string name="send">Enviar</string>
  <string name="send_2d_code">Enviar con código 2D</string>
  <string name="send_cancel_tip">La transferencia aún está en progreso. ¿Detener la transferencia y salir?</string>
  <string name="send_cancel_tip2">Trasferencia cancelada: enviado(s) %1$d / %2$d archivo(s)</string>
  <string name="send_files">Enviando %1$d archivo(s)</string>
  <string name="send_finish">¡Archivo enviado!</string>
  <string name="send_finish_tip">%1$d archivo(s) enviado(s) a:</string>
  <string name="send_nfc">Enviar con NFC</string>
  <string name="send_sms_for_sync_notice">¿Un SMS de activación necesita ser enviado, continuar?</string>
  <string name="send_sms_for_sync_title">El servicio de sincronización no está activado</string>
  <string name="send_sound">Enviar con sonido</string>
  <string name="send_tip">Enviar lote de fotos, música e información de contacto.</string>
  <string name="send_to">Enviar a:</string>
  <string name="send_uncompleted">Transferencia incompleta</string>
  <string name="sent">Enviado</string>
  <string name="settings_auto_pair_sender_summary">Utilizar la señal de audio para emparejar dispositivos automáticamente</string>
  <string name="settings_auto_pair_sender_title">Auto-emparejar vía audio</string>
  <string name="settings_connect">Ajustes de Conexión</string>
  <string name="settings_label">Ajustes de Transferencia</string>
  <string name="settings_photo">Avatar</string>
  <string name="settings_photo_camera">Tomar una nueva foto</string>
  <string name="settings_photo_pick">Seleccionar de la Galería</string>
  <string name="settings_photo_remove">Eliminar avatar</string>
  <string name="settings_receive_confirm_summary">Requerir confirmación antes de recibir archivos</string>
  <string name="settings_receive_confirm_title">Preguntar antes de recibir</string>
  <string name="share">Compartir</string>
  <string name="share_text">MIUI V5 soporta transferencias de archivos sin necesidad de utilizar datos móviles. Los usuarios no-MIUI V5 por favor descargar: %1$s</string>
  <string name="short_pincode_error_msg">Por favor introduzca 4 – 8 dígitos</string>
  <string name="short_pukcode_error_msg">Por favor introduzca al menos 8 dígitos</string>
  <string name="shortmessage">Mensaje corto</string>
  <string name="shutdown_confirm_title">¿Está seguro de que desea apagar su teléfono?</string>
  <string name="sim_account_name">SIM</string>
  <string name="sim_changed_reactivate_int_notice">La SIM actual está sin activar. Se necesita un SMS internacional para activar el servicio, ¿activar ahora?</string>
  <string name="sim_changed_reactivate_notice">La SIM actual está sin activar. Se necesita un SMS normal para activar el servicio, ¿activar ahora?</string>
  <string name="sim_in_airplane_mode">Por favor, desactivar el modo avión.</string>
  <string name="sim_locked">La tarjeta SIM está bloqueada</string>
  <string name="sim_not_ready">La tarjeta SIM está en uso. Inténtelo de nuevo más tarde.</string>
  <string name="sim_unavailable">Tarjeta SIM no disponible</string>
  <string name="slight_cold">Fresco</string>
  <string name="slight_heat">Cálido</string>
  <string name="solar_calendar">Calendario Solar</string>
  <string name="speaker">Altavoz</string>
  <string name="spring_begins">Inicio de la Primavera</string>
  <string name="stopping_the_heat">Fin del calor</string>
  <string name="summary_step_one">Enviar fotos, música y datos de contacto</string>
  <string name="summary_step_two">Invitar a amigos a instalar AnyShare</string>
  <string name="summer_begins">Inicio del Verano</string>
  <string name="summer_solstice">Solsticio de Verano</string>
  <string name="support_tip">Soporte proporcionado por AnyShare</string>
  <string name="sync_one_time_sync">Toque para sincronizar（ %1$s )</string>
  <string name="teachers_day">Día del Profesor</string>
  <string name="text_copied">Texto copiado al portapapeles.</string>
  <string name="text_pastelist">Portapapeles</string>
  <string name="the_armys_day">Día de las Fuerzas Armadas</string>
  <string name="the_double_ninth_festival">Festival Chung Yeung</string>
  <string name="the_dragon_boat_festival">Festival del Barco Dragón</string>
  <string name="the_first_weekday_after_christmas">Primer día de la semana después de Navidad</string>
  <string name="the_laba_rice_porridge_festival">Día de las Luces</string>
  <string name="the_mid_autumn_festival">Festival de Medio-Otoño</string>
  <string name="the_rains">Lluvias</string>
  <string name="the_spring_festival">Festival de Verano</string>
  <string name="title_step_one">Transferir archivos rápidamente sin necesidad de utilizar datos móviles.</string>
  <string name="title_step_three">Compartición ilimitada gratis</string>
  <string name="title_step_two">Transferencia entre OS cruzados: los usuarios no-MIUI pueden transferir archivos vía AnyShare</string>
  <string name="toast_lockscreen_glogin_empty_password">Contraseña requerida.</string>
  <string name="today">Hoy</string>
  <string name="tomorrow">Mañana</string>
  <string name="transfer_history">Historial de transferencias</string>
  <string name="trasfer_list">Lista de transferencias</string>
  <string name="tw_childrens_day">Día del Niño</string>
  <string name="tw_youth_day">Día de la Juventud</string>
  <string name="united_nations_day">Día de las Naciones Unidas</string>
  <string name="unknown">Número desconocido</string>
  <string name="unknown_caller">Llamante desconocido</string>
  <string name="unlock_string">Aceptar</string>
  <string name="unlocking_sim_card">Desbloqueando la tarjeta SIM</string>
  <string name="unlockscreen_low_battery">Conecte el cargador</string>
  <string name="unlockscreen_recharge_completed">Recarga completada</string>
  <string name="unlockscreen_recharging_message">Recargando %d%%</string>
  <string name="use_start">Comenzar</string>
  <string name="user_agreement1">Usted utilizará el sistema y los servicios en línea proporcionados por Xiaomi, por favor lea</string>
  <string name="user_agreement2">" Condiciones de Uso"</string>
  <string name="user_agreement3">" y "</string>
  <string name="user_agreement4">Política de privacidad</string>
  <string name="user_agreement5">，Click \"Aceptar\" indica que usted acepta y está dispuesto a cumplir con el contenido anterior, haga clic en \"Cancelar\" para salir.</string>
  <string name="v5_date_time_picker_dialog_title">Fijar hora del recordatorio</string>
  <string name="v5_deselect_all">Deseleccionar todo</string>
  <string name="v5_edit_mode_title_empty">Marcar elementos</string>
  <string name="v5_icon_menu_bar_more_item_label">Más</string>
  <string name="v5_select_all">Marcar todo</string>
  <string name="v5_time_picker_label_hour">H</string>
  <string name="v5_time_picker_label_minute">M</string>
  <string name="valentines_day">Día de San Valentín</string>
  <string name="vernal_equinox">Equinoccio de Primavera</string>
  <string name="voice_assist_match">Auto encaje rápido</string>
  <string name="voice_match">Encaje rápido…</string>
  <string name="volume_alarm">Alarma</string>
  <string name="volume_icon_description_bluetooth">Bluetooth</string>
  <string name="volume_icon_description_incall">Llamada</string>
  <string name="volume_icon_description_media">Multimedia</string>
  <string name="volume_icon_description_notification">Notificación</string>
  <string name="volume_icon_description_ringer">Tono de llamada</string>
  <string name="volume_ring_description">Tono de llamada y notificaciones</string>
  <string name="waiting_receive">Esperando al remitente…</string>
  <string name="wake_alarm_message">Apagado. La alarma todavía suena a las %s</string>
  <string name="wanna_receive">Recibir</string>
  <string name="welcome_tip1">"Transferir archivos rápidamente sin necesidad de utilizar sus datos móvil
La aplicación Wi-Fi se abrirá al recibir"</string>
  <string name="welcome_tip2">¡Compartir fotos, música, contactos y mucho más!</string>
  <string name="white_dews">Torres</string>
  <string name="winter_begins">Inicio del Invierno</string>
  <string name="winter_solstice">Solsticio de Invierno</string>
  <string name="xiaomi_account_type">com.xiaomi</string>
  <string name="yellow_page_module_sms_sent">Mensaje de texto enviado</string>
  <string name="yellow_page_sms_disabled_in_privacy_mode">"No se pueden enviar mensajes en modo Invitado"</string>
  <string name="yellow_page_sms_send_failed">Error al enviar mensaje de texto</string>
  <string name="yellow_page_sms_sending">Enviando…</string>
  <string name="yellow_page_unable_send_sms">Incapaz de enviar mensaje de texto</string>
  <string name="yesterday">Ayer</string>
  <string name="you_can">Aceptar</string>
</resources>
