<?xml version="1.0" encoding="UTF-8"?>
<project version="4">
  <component name="ChangeListManager">
    <list default="true" id="12c07a04-4244-4630-b1f6-f9cdebc6518f" name="Default" comment="" />
    <ignored path="xml.iws" />
    <ignored path=".idea/workspace.xml" />
    <option name="TRACKING_ENABLED" value="true" />
    <option name="SHOW_DIALOG" value="false" />
    <option name="HIGHLIGHT_CONFLICTS" value="true" />
    <option name="HIGHLIGHT_NON_ACTIVE_CHANGELIST" value="false" />
    <option name="LAST_RESOLUTION" value="IGNORE" />
  </component>
  <component name="ChangesViewManager" flattened_view="true" show_ignored="false" />
  <component name="CoverageDataManager">
    <SUITE FILE_PATH="coverage/xml$extract_text.coverage" NAME="extract_text Coverage Results" MODIFIED="1417630971431" SOURCE_PROVIDER="com.intellij.coverage.DefaultCoverageFileProvider" RUNNER="coverage.py" COVERAGE_BY_TEST_ENABLED="true" COVERAGE_TRACING_ENABLED="false" WORKING_DIRECTORY="$PROJECT_DIR$" />
  </component>
  <component name="CreatePatchCommitExecutor">
    <option name="PATCH_PATH" value="" />
  </component>
  <component name="DaemonCodeAnalyzer">
    <disable_hints />
  </component>
  <component name="ExecutionTargetManager" SELECTED_TARGET="default_target" />
  <component name="FavoritesManager">
    <favorites_list name="xml" />
  </component>
  <component name="FileEditorManager">
    <leaf>
      <file leaf-file-name="extract_text.py" pinned="false" current="true" current-in-tab="true">
        <entry file="file://$PROJECT_DIR$/extract_text.py">
          <provider selected="true" editor-type-id="text-editor">
            <state vertical-scroll-proportion="0.14476885" vertical-offset="0" max-vertical-offset="822">
              <caret line="7" column="39" selection-start-line="7" selection-start-column="39" selection-end-line="7" selection-end-column="39" />
              <folding>
                <element signature="e#20#54#0" expanded="true" />
              </folding>
            </state>
          </provider>
        </entry>
      </file>
    </leaf>
  </component>
  <component name="FindManager">
    <FindUsagesManager>
      <setting name="OPEN_NEW_TAB" value="true" />
    </FindUsagesManager>
  </component>
  <component name="IdeDocumentHistory">
    <option name="changedFiles">
      <list>
        <option value="$PROJECT_DIR$/extract_text.py" />
      </list>
    </option>
  </component>
  <component name="ProjectFrameBounds">
    <option name="x" value="-8" />
    <option name="y" value="-8" />
    <option name="width" value="1296" />
    <option name="height" value="958" />
  </component>
  <component name="ProjectLevelVcsManager" settingsEditedManually="false">
    <OptionsSetting value="true" id="Add" />
    <OptionsSetting value="true" id="Remove" />
    <OptionsSetting value="true" id="Checkout" />
    <OptionsSetting value="true" id="Update" />
    <OptionsSetting value="true" id="Status" />
    <OptionsSetting value="true" id="Edit" />
    <ConfirmationsSetting value="0" id="Add" />
    <ConfirmationsSetting value="0" id="Remove" />
  </component>
  <component name="ProjectReloadState">
    <option name="STATE" value="0" />
  </component>
  <component name="ProjectView">
    <navigator currentView="ProjectPane" proportions="" version="1">
      <flattenPackages />
      <showMembers />
      <showModules />
      <showLibraryContents />
      <hideEmptyPackages />
      <abbreviatePackageNames />
      <autoscrollToSource />
      <autoscrollFromSource />
      <sortByType />
    </navigator>
    <panes>
      <pane id="Scope" />
      <pane id="ProjectPane">
        <subPane>
          <PATH>
            <PATH_ELEMENT>
              <option name="myItemId" value="xml" />
              <option name="myItemType" value="com.intellij.ide.projectView.impl.nodes.ProjectViewProjectNode" />
            </PATH_ELEMENT>
          </PATH>
          <PATH>
            <PATH_ELEMENT>
              <option name="myItemId" value="xml" />
              <option name="myItemType" value="com.intellij.ide.projectView.impl.nodes.ProjectViewProjectNode" />
            </PATH_ELEMENT>
            <PATH_ELEMENT>
              <option name="myItemId" value="xml" />
              <option name="myItemType" value="com.intellij.ide.projectView.impl.nodes.PsiDirectoryNode" />
            </PATH_ELEMENT>
          </PATH>
        </subPane>
      </pane>
    </panes>
  </component>
  <component name="PropertiesComponent">
    <property name="WebServerToolWindowFactoryState" value="false" />
    <property name="recentsLimit" value="5" />
  </component>
  <component name="RunManager" selected="Python.extract_text">
    <configuration default="false" name="extract_text" type="PythonConfigurationType" factoryName="Python" temporary="true">
      <option name="INTERPRETER_OPTIONS" value="" />
      <option name="PARENT_ENVS" value="true" />
      <envs>
        <env name="PYTHONUNBUFFERED" value="1" />
      </envs>
      <option name="SDK_HOME" value="" />
      <option name="WORKING_DIRECTORY" value="$PROJECT_DIR$" />
      <option name="IS_MODULE_SDK" value="true" />
      <option name="ADD_CONTENT_ROOTS" value="true" />
      <option name="ADD_SOURCE_ROOTS" value="true" />
      <module name="xml" />
      <EXTENSION ID="PythonCoverageRunConfigurationExtension" enabled="false" sample_coverage="true" runner="coverage.py" />
      <option name="SCRIPT_NAME" value="$PROJECT_DIR$/extract_text.py" />
      <option name="PARAMETERS" value="" />
      <RunnerSettings RunnerId="PythonRunner" />
      <ConfigurationWrapper RunnerId="PythonRunner" />
      <method />
    </configuration>
    <configuration default="true" type="tests" factoryName="py.test">
      <option name="INTERPRETER_OPTIONS" value="" />
      <option name="PARENT_ENVS" value="true" />
      <envs />
      <option name="SDK_HOME" value="" />
      <option name="WORKING_DIRECTORY" value="" />
      <option name="IS_MODULE_SDK" value="false" />
      <option name="ADD_CONTENT_ROOTS" value="true" />
      <option name="ADD_SOURCE_ROOTS" value="true" />
      <module name="xml" />
      <EXTENSION ID="PythonCoverageRunConfigurationExtension" enabled="false" sample_coverage="true" runner="coverage.py" />
      <option name="SCRIPT_NAME" value="" />
      <option name="CLASS_NAME" value="" />
      <option name="METHOD_NAME" value="" />
      <option name="FOLDER_NAME" value="" />
      <option name="TEST_TYPE" value="TEST_SCRIPT" />
      <option name="PATTERN" value="" />
      <option name="USE_PATTERN" value="false" />
      <option name="testToRun" value="" />
      <option name="keywords" value="" />
      <option name="params" value="" />
      <option name="USE_PARAM" value="false" />
      <option name="USE_KEYWORD" value="false" />
      <method />
    </configuration>
    <configuration default="true" type="tests" factoryName="Nosetests">
      <option name="INTERPRETER_OPTIONS" value="" />
      <option name="PARENT_ENVS" value="true" />
      <envs />
      <option name="SDK_HOME" value="" />
      <option name="WORKING_DIRECTORY" value="" />
      <option name="IS_MODULE_SDK" value="false" />
      <option name="ADD_CONTENT_ROOTS" value="true" />
      <option name="ADD_SOURCE_ROOTS" value="true" />
      <module name="xml" />
      <EXTENSION ID="PythonCoverageRunConfigurationExtension" enabled="false" sample_coverage="true" runner="coverage.py" />
      <option name="SCRIPT_NAME" value="" />
      <option name="CLASS_NAME" value="" />
      <option name="METHOD_NAME" value="" />
      <option name="FOLDER_NAME" value="" />
      <option name="TEST_TYPE" value="TEST_SCRIPT" />
      <option name="PATTERN" value="" />
      <option name="USE_PATTERN" value="false" />
      <option name="PARAMS" value="" />
      <option name="USE_PARAM" value="false" />
      <method />
    </configuration>
    <configuration default="true" type="PythonConfigurationType" factoryName="Python">
      <option name="INTERPRETER_OPTIONS" value="" />
      <option name="PARENT_ENVS" value="true" />
      <envs>
        <env name="PYTHONUNBUFFERED" value="1" />
      </envs>
      <option name="SDK_HOME" value="" />
      <option name="WORKING_DIRECTORY" value="" />
      <option name="IS_MODULE_SDK" value="false" />
      <option name="ADD_CONTENT_ROOTS" value="true" />
      <option name="ADD_SOURCE_ROOTS" value="true" />
      <module name="xml" />
      <EXTENSION ID="PythonCoverageRunConfigurationExtension" enabled="false" sample_coverage="true" runner="coverage.py" />
      <option name="SCRIPT_NAME" value="" />
      <option name="PARAMETERS" value="" />
      <method />
    </configuration>
    <configuration default="true" type="tests" factoryName="Unittests">
      <option name="INTERPRETER_OPTIONS" value="" />
      <option name="PARENT_ENVS" value="true" />
      <envs />
      <option name="SDK_HOME" value="" />
      <option name="WORKING_DIRECTORY" value="" />
      <option name="IS_MODULE_SDK" value="false" />
      <option name="ADD_CONTENT_ROOTS" value="true" />
      <option name="ADD_SOURCE_ROOTS" value="true" />
      <module name="xml" />
      <EXTENSION ID="PythonCoverageRunConfigurationExtension" enabled="false" sample_coverage="true" runner="coverage.py" />
      <option name="SCRIPT_NAME" value="" />
      <option name="CLASS_NAME" value="" />
      <option name="METHOD_NAME" value="" />
      <option name="FOLDER_NAME" value="" />
      <option name="TEST_TYPE" value="TEST_SCRIPT" />
      <option name="PATTERN" value="" />
      <option name="USE_PATTERN" value="false" />
      <option name="PUREUNITTEST" value="true" />
      <option name="PARAMS" value="" />
      <option name="USE_PARAM" value="false" />
      <method />
    </configuration>
    <configuration default="true" type="tests" factoryName="Doctests">
      <option name="INTERPRETER_OPTIONS" value="" />
      <option name="PARENT_ENVS" value="true" />
      <envs />
      <option name="SDK_HOME" value="" />
      <option name="WORKING_DIRECTORY" value="" />
      <option name="IS_MODULE_SDK" value="false" />
      <option name="ADD_CONTENT_ROOTS" value="true" />
      <option name="ADD_SOURCE_ROOTS" value="true" />
      <module name="xml" />
      <EXTENSION ID="PythonCoverageRunConfigurationExtension" enabled="false" sample_coverage="true" runner="coverage.py" />
      <option name="SCRIPT_NAME" value="" />
      <option name="CLASS_NAME" value="" />
      <option name="METHOD_NAME" value="" />
      <option name="FOLDER_NAME" value="" />
      <option name="TEST_TYPE" value="TEST_SCRIPT" />
      <option name="PATTERN" value="" />
      <option name="USE_PATTERN" value="false" />
      <method />
    </configuration>
    <configuration default="true" type="tests" factoryName="Attests">
      <option name="INTERPRETER_OPTIONS" value="" />
      <option name="PARENT_ENVS" value="true" />
      <envs />
      <option name="SDK_HOME" value="" />
      <option name="WORKING_DIRECTORY" value="" />
      <option name="IS_MODULE_SDK" value="false" />
      <option name="ADD_CONTENT_ROOTS" value="true" />
      <option name="ADD_SOURCE_ROOTS" value="true" />
      <module name="xml" />
      <EXTENSION ID="PythonCoverageRunConfigurationExtension" enabled="false" sample_coverage="true" runner="coverage.py" />
      <option name="SCRIPT_NAME" value="" />
      <option name="CLASS_NAME" value="" />
      <option name="METHOD_NAME" value="" />
      <option name="FOLDER_NAME" value="" />
      <option name="TEST_TYPE" value="TEST_SCRIPT" />
      <option name="PATTERN" value="" />
      <option name="USE_PATTERN" value="false" />
      <method />
    </configuration>
    <list size="1">
      <item index="0" class="java.lang.String" itemvalue="Python.extract_text" />
    </list>
    <recent_temporary>
      <list size="1">
        <item index="0" class="java.lang.String" itemvalue="Python.extract_text" />
      </list>
    </recent_temporary>
  </component>
  <component name="ShelveChangesManager" show_recycled="false" />
  <component name="SvnConfiguration">
    <configuration />
  </component>
  <component name="TaskManager">
    <task active="true" id="Default" summary="Default task">
      <changelist id="12c07a04-4244-4630-b1f6-f9cdebc6518f" name="Default" comment="" />
      <created>1417628691689</created>
      <updated>1417628691689</updated>
    </task>
    <servers />
  </component>
  <component name="ToolWindowManager">
    <frame x="-8" y="-8" width="1296" height="958" extended-state="0" />
    <editor active="false" />
    <layout>
      <window_info id="Changes" active="false" anchor="bottom" auto_hide="false" internal_type="DOCKED" type="DOCKED" visible="false" weight="0.33" sideWeight="0.5" order="7" side_tool="false" content_ui="tabs" />
      <window_info id="Terminal" active="false" anchor="bottom" auto_hide="false" internal_type="DOCKED" type="DOCKED" visible="false" weight="0.33" sideWeight="0.5" order="7" side_tool="false" content_ui="tabs" />
      <window_info id="TODO" active="false" anchor="bottom" auto_hide="false" internal_type="DOCKED" type="DOCKED" visible="false" weight="0.33" sideWeight="0.5" order="6" side_tool="false" content_ui="tabs" />
      <window_info id="Structure" active="false" anchor="left" auto_hide="false" internal_type="DOCKED" type="DOCKED" visible="false" weight="0.25" sideWeight="0.5" order="1" side_tool="false" content_ui="tabs" />
      <window_info id="Project" active="true" anchor="left" auto_hide="false" internal_type="DOCKED" type="DOCKED" visible="true" weight="0.25" sideWeight="0.5" order="0" side_tool="false" content_ui="combo" />
      <window_info id="Debug" active="false" anchor="bottom" auto_hide="false" internal_type="DOCKED" type="DOCKED" visible="false" weight="0.4" sideWeight="0.5" order="3" side_tool="false" content_ui="tabs" />
      <window_info id="Favorites" active="false" anchor="left" auto_hide="false" internal_type="DOCKED" type="DOCKED" visible="false" weight="0.33" sideWeight="0.5" order="2" side_tool="true" content_ui="tabs" />
      <window_info id="Event Log" active="false" anchor="bottom" auto_hide="false" internal_type="DOCKED" type="DOCKED" visible="false" weight="0.33" sideWeight="0.5" order="7" side_tool="true" content_ui="tabs" />
      <window_info id="Run" active="false" anchor="bottom" auto_hide="false" internal_type="DOCKED" type="DOCKED" visible="false" weight="0.32941177" sideWeight="0.5" order="2" side_tool="false" content_ui="tabs" />
      <window_info id="Version Control" active="false" anchor="bottom" auto_hide="false" internal_type="DOCKED" type="DOCKED" visible="false" weight="0.33" sideWeight="0.5" order="7" side_tool="false" content_ui="tabs" />
      <window_info id="Cvs" active="false" anchor="bottom" auto_hide="false" internal_type="DOCKED" type="DOCKED" visible="false" weight="0.25" sideWeight="0.5" order="4" side_tool="false" content_ui="tabs" />
      <window_info id="Message" active="false" anchor="bottom" auto_hide="false" internal_type="DOCKED" type="DOCKED" visible="false" weight="0.33" sideWeight="0.5" order="0" side_tool="false" content_ui="tabs" />
      <window_info id="Database" active="false" anchor="right" auto_hide="false" internal_type="DOCKED" type="DOCKED" visible="false" weight="0.33" sideWeight="0.5" order="3" side_tool="false" content_ui="tabs" />
      <window_info id="Ant Build" active="false" anchor="right" auto_hide="false" internal_type="DOCKED" type="DOCKED" visible="false" weight="0.25" sideWeight="0.5" order="1" side_tool="false" content_ui="tabs" />
      <window_info id="Find" active="false" anchor="bottom" auto_hide="false" internal_type="DOCKED" type="DOCKED" visible="false" weight="0.33" sideWeight="0.5" order="1" side_tool="false" content_ui="tabs" />
      <window_info id="Commander" active="false" anchor="right" auto_hide="false" internal_type="SLIDING" type="SLIDING" visible="false" weight="0.4" sideWeight="0.5" order="0" side_tool="false" content_ui="tabs" />
      <window_info id="Hierarchy" active="false" anchor="right" auto_hide="false" internal_type="DOCKED" type="DOCKED" visible="false" weight="0.25" sideWeight="0.5" order="2" side_tool="false" content_ui="combo" />
      <window_info id="Inspection" active="false" anchor="bottom" auto_hide="false" internal_type="DOCKED" type="DOCKED" visible="false" weight="0.4" sideWeight="0.5" order="5" side_tool="false" content_ui="tabs" />
    </layout>
  </component>
  <component name="Vcs.Log.UiProperties">
    <option name="RECENTLY_FILTERED_USER_GROUPS">
      <collection />
    </option>
    <option name="RECENTLY_FILTERED_BRANCH_GROUPS">
      <collection />
    </option>
  </component>
  <component name="VcsContentAnnotationSettings">
    <option name="myLimit" value="2678400000" />
  </component>
  <component name="VcsManagerConfiguration">
    <option name="myTodoPanelSettings">
      <TodoPanelSettings />
    </option>
  </component>
  <component name="XDebuggerManager">
    <breakpoint-manager />
  </component>
  <component name="editorHistoryManager">
    <entry file="file://$PROJECT_DIR$/extract_text.py">
      <provider selected="true" editor-type-id="text-editor">
        <state vertical-scroll-proportion="0.0" vertical-offset="119" max-vertical-offset="323">
          <caret line="7" column="39" selection-start-line="7" selection-start-column="39" selection-end-line="7" selection-end-column="39" />
          <folding>
            <element signature="e#20#54#0" expanded="true" />
          </folding>
        </state>
      </provider>
    </entry>
    <entry file="file://$PROJECT_DIR$/extract_text.py">
      <provider selected="true" editor-type-id="text-editor">
        <state vertical-scroll-proportion="0.14476885" vertical-offset="0" max-vertical-offset="822">
          <caret line="7" column="39" selection-start-line="7" selection-start-column="39" selection-end-line="7" selection-end-column="39" />
          <folding>
            <element signature="e#20#54#0" expanded="true" />
          </folding>
        </state>
      </provider>
    </entry>
  </component>
</project>

