<?xml version="1.0" encoding="UTF-8" standalone="yes"?>
<Company_Staff>
    <Pencaire>
        <id>133</id>
        <sexe>home</sexe>
        <edat>40</edat>
        <nom>Xavi</nom>
        <carrec>Big Boss</carrec>
        <password>P@ssW0rd</password>
    </Pencaire>
    <Pencaire>
        <id>135</id>
        <sexe>home</sexe>
        <edat>32</edat>
        <nom>Chema</nom>
        <carrec>Delegat</carrec>
        <password>P@ssW0rd</password>
    </Pencaire>
    <Pencaire>
        <id>137</id>
        <sexe>dona</sexe>
        <edat>23</edat>
        <nom>Marta</nom>
        <carrec>Dessigner</carrec>
        <password>P@ssW0rd</password>
    </Pencaire>
    <Pencaire>
        <id>139</id>
        <sexe>dona</sexe>
        <edat>23</edat>
        <nom>karla</nom>
        <carrec>Mindundi</carrec>
        <password>P@ssW0rd</password>
    </Pencaire>
    <Pencaire>
        <id>141</id>
        <sexe>dona</sexe>
        <edat>34</edat>
        <nom>Juanola</nom>
        <carrec>Submindundi</carrec>
        <password>P@ssW0rd</password>
    </Pencaire>
</Company_Staff>
