﻿<?xml version="1.0" encoding="utf-8"?>
<Project ToolsVersion="4.0" DefaultTargets="Build" xmlns="http://schemas.microsoft.com/developer/msbuild/2003">
  <PropertyGroup>
    <Configuration Condition=" '$(Configuration)' == '' ">Debug</Configuration>
    <Platform Condition=" '$(Platform)' == '' ">x86</Platform>
    <ProductVersion>8.0.30703</ProductVersion>
    <SchemaVersion>2.0</SchemaVersion>
    <ProjectGuid>{754ED024-8D96-4EB9-8318-A05500D3AE67}</ProjectGuid>
    <OutputType>Exe</OutputType>
    <AppDesignerFolder>Properties</AppDesignerFolder>
    <RootNamespace>RptToXml</RootNamespace>
    <AssemblyName>RptToXml</AssemblyName>
    <TargetFrameworkVersion>v4.0</TargetFrameworkVersion>
    <TargetFrameworkProfile>
    </TargetFrameworkProfile>
    <FileAlignment>512</FileAlignment>
    <SccProjectName>SAK</SccProjectName>
    <SccLocalPath>SAK</SccLocalPath>
    <SccAuxPath>SAK</SccAuxPath>
    <SccProvider>SAK</SccProvider>
  </PropertyGroup>
  <PropertyGroup Condition=" '$(Configuration)|$(Platform)' == 'Debug|x86' ">
    <PlatformTarget>x86</PlatformTarget>
    <DebugSymbols>true</DebugSymbols>
    <DebugType>full</DebugType>
    <Optimize>false</Optimize>
    <OutputPath>bin\Debug\</OutputPath>
    <DefineConstants>DEBUG;TRACE</DefineConstants>
    <ErrorReport>prompt</ErrorReport>
    <WarningLevel>4</WarningLevel>
  </PropertyGroup>
  <PropertyGroup Condition=" '$(Configuration)|$(Platform)' == 'Release|x86' ">
    <PlatformTarget>x86</PlatformTarget>
    <DebugType>pdbonly</DebugType>
    <Optimize>true</Optimize>
    <OutputPath>bin\Release\</OutputPath>
    <DefineConstants>TRACE</DefineConstants>
    <ErrorReport>prompt</ErrorReport>
    <WarningLevel>4</WarningLevel>
  </PropertyGroup>
  <ItemGroup>
    <Reference Include="CrystalDecisions.CrystalReports.Engine, Version=13.0.2000.0, Culture=neutral, PublicKeyToken=692fbea5521e1304, processorArchitecture=MSIL">
      <EmbedInteropTypes>False</EmbedInteropTypes>
      <Private>True</Private>
    </Reference>
    <Reference Include="CrystalDecisions.ReportAppServer.ClientDoc, Version=13.0.2000.0, Culture=neutral, PublicKeyToken=692fbea5521e1304, processorArchitecture=MSIL">
      <EmbedInteropTypes>False</EmbedInteropTypes>
      <Private>True</Private>
    </Reference>
    <Reference Include="CrystalDecisions.ReportAppServer.Controllers, Version=13.0.2000.0, Culture=neutral, PublicKeyToken=692fbea5521e1304, processorArchitecture=MSIL">
      <EmbedInteropTypes>False</EmbedInteropTypes>
      <Private>True</Private>
    </Reference>
    <Reference Include="CrystalDecisions.ReportAppServer.DataDefModel, Version=13.0.2000.0, Culture=neutral, PublicKeyToken=692fbea5521e1304, processorArchitecture=MSIL">
      <EmbedInteropTypes>False</EmbedInteropTypes>
      <Private>True</Private>
    </Reference>
    <Reference Include="CrystalDecisions.ReportAppServer.ReportDefModel, Version=13.0.2000.0, Culture=neutral, PublicKeyToken=692fbea5521e1304, processorArchitecture=MSIL">
      <EmbedInteropTypes>False</EmbedInteropTypes>
      <Private>True</Private>
    </Reference>
    <Reference Include="CrystalDecisions.Shared, Version=13.0.2000.0, Culture=neutral, PublicKeyToken=692fbea5521e1304, processorArchitecture=MSIL">
      <Private>True</Private>
    </Reference>
    <Reference Include="OpenMcdf, Version=1.5.4.22637, Culture=neutral, processorArchitecture=MSIL">
      <HintPath>packages\OpenMcdf.1.5.4.22637\lib\OpenMcdf.dll</HintPath>
      <Private>True</Private>
    </Reference>
    <Reference Include="System" />
    <Reference Include="System.Core" />
    <Reference Include="System.Drawing" />
    <Reference Include="System.Xml.Linq" />
    <Reference Include="System.Data.DataSetExtensions" />
    <Reference Include="Microsoft.CSharp" />
    <Reference Include="System.Data" />
    <Reference Include="System.Xml" />
  </ItemGroup>
  <ItemGroup>
    <Compile Include="ConditionFormulas.cs" />
    <Compile Include="Enums.cs" />
    <Compile Include="Program.cs" />
    <Compile Include="Properties\AssemblyInfo.cs" />
    <Compile Include="RptDefinitionWriter.cs" />
  </ItemGroup>
  <ItemGroup>
    <None Include="app.config" />
    <None Include="packages.config" />
  </ItemGroup>
  <Import Project="$(MSBuildToolsPath)\Microsoft.CSharp.targets" />
  <!-- To modify your build process, add your task inside one of the targets below and uncomment it. 
       Other similar extension points exist, see Microsoft.Common.targets.
  <Target Name="BeforeBuild">
  </Target>
  <Target Name="AfterBuild">
  </Target>
  -->
</Project>