<?xml version="1.0" encoding="UTF-8"?>

<BC-Lions_Games year="2016">
  <week number="Preseason 0"
    xmlns:home="http://www.bclions.com/home"
    xmlns:away="http://www.bclions.com/away"
    xmlns:html="http://www.w3.org/TR/html4/">
      <date>11</date>
      <month>June</month>
      <start-time>6:00 PM</start-time>
      <attendance>16,141</attendance>
      <home:team>Saskatchewan</home:team>
        <home:score>16</home:score>
      <away:team>BC</away:team>
        <away:score>28</away:score>
      <html:p title="comments on this game"><html:b>BC fans</html:b> were super enthusiatic about their win tonight.</html:p>
  </week>
  <week number="Preseason 1"
    xmlns:home="http://www.bclions.com/home"
    xmlns:away="http://www.bclions.com/away"
    xmlns:html="http://www.w3.org/TR/html4/">
      <date>17</date>
      <month>June</month>
      <start-time>7:00 PM</start-time>
      <attendance>17,630</attendance>
      <home:team>BC</home:team>
        <home:score>21</home:score>
      <away:team>Calgary</away:team>
        <away:score>31</away:score>
      <html:p title="comments on this game"></html:p>
  </week>
  <week number="1"
    xmlns:home="http://www.bclions.com/home"
    xmlns:away="http://www.bclions.com/away"
    xmlns:html="http://www.w3.org/TR/html4/">
      <date>25</date>
      <month>June</month>
      <start-time>7:00 PM</start-time>
      <attendance>21,386</attendance>
      <home:team>BC</home:team>
        <home:score>20</home:score>
      <away:team>Calgary</away:team>
        <away:score>18</away:score>
      <html:p title="comments on this game"></html:p>
  </week>
  <week number="2"
    xmlns:home="http://www.bclions.com/home"
    xmlns:away="http://www.bclions.com/away"
    xmlns:html="http://www.w3.org/TR/html4/">
      <date>1</date>
      <month>July</month>
      <start-time>4:00 PM</start-time>
      <attendance>24,123</attendance>
      <home:team>Hamilton</home:team>
        <home:score>3</home:score>
      <away:team>BC</away:team>
        <away:score>28</away:score>
      <html:p title="comments on this game"></html:p>
  </week>
  <week number="3"
    xmlns:home="http://www.bclions.com/home"
    xmlns:away="http://www.bclions.com/away"
    xmlns:html="http://www.w3.org/TR/html4/">
      <date>7</date>
      <month>July</month>
      <start-time>7:00 PM</start-time>
      <attendance>18,921</attendance>
      <home:team>BC</home:team>
        <home:score>14</home:score>
      <away:team>Toronto</away:team>
        <away:score>25</away:score>
      <html:p title="comments on this game"></html:p>
  </week>
  <week number="4"
    xmlns:home="http://www.bclions.com/home"
    xmlns:away="http://www.bclions.com/away"
    xmlns:html="http://www.w3.org/TR/html4/">
      <date>16</date>
      <month>July</month>
      <start-time>4:00 PM</start-time>
      <attendance>31,014</attendance>
      <home:team>Saskatchewan</home:team>
        <home:score>27</home:score>
      <away:team>BC</away:team>
        <away:score>40</away:score>
      <html:p title="comments on this game"></html:p>
  </week>
  <week number="6"
    xmlns:home="http://www.bclions.com/home"
    xmlns:away="http://www.bclions.com/away"
    xmlns:html="http://www.w3.org/TR/html4/">
      <date>29</date>
      <month>July</month>
      <start-time>7:00 PM</start-time>
      <attendance>27,651</attendance>
      <home:team>Calgary</home:team>
        <home:score>44</home:score>
      <away:team>BC</away:team>
        <away:score>41</away:score>
      <html:p title="comments on this game"></html:p>
  </week>
  <week number="7"
    xmlns:home="http://www.bclions.com/home"
    xmlns:away="http://www.bclions.com/away"
    xmlns:html="http://www.w3.org/TR/html4/">
      <date>4</date>
      <month>August</month>
      <start-time>4:00 PM</start-time>
      <attendance>19,125</attendance>
      <home:team>Montreal</home:team>
        <home:score>18</home:score>
      <away:team>bc</away:team>
        <away:score>38</away:score>
      <html:p title="comments on this game"></html:p>
  </week>
  <week number="8"
    xmlns:home="http://www.bclions.com/home"
    xmlns:away="http://www.bclions.com/away"
    xmlns:html="http://www.w3.org/TR/html4/">
      <date>13</date>
      <month>August</month>
      <start-time>7:00 PM</start-time>
      <attendance>21,213</attendance>
      <home:team>BC</home:team>
        <home:score>45</home:score>
      <away:team>Calgary</away:team>
        <away:score>37</away:score>
      <html:p title="comments on this game"></html:p>
  </week>
  <week number="9"
    xmlns:home="http://www.bclions.com/home"
    xmlns:away="http://www.bclions.com/away"
    xmlns:html="http://www.w3.org/TR/html4/">
      <date>19</date>
      <month>August</month>
      <start-time>7:00 PM</start-time>
      <attendance>21,341</attendance>
      <home:team>BC</home:team>
        <home:score>9</home:score>
      <away:team>Calgary</away:team>
        <away:score>37</away:score>
      <html:p title="comments on this game"></html:p>
  </week>
  <week number="10"
    xmlns:home="http://www.bclions.com/home"
    xmlns:away="http://www.bclions.com/away"
    xmlns:html="http://www.w3.org/TR/html4/">
      <date>25</date>
      <month>August</month>
      <start-time>4:30 PM</start-time>
      <attendance>24,677</attendance>
      <home:team>Ottawa</home:team>
        <home:score>23</home:score>
      <away:team>BC</away:team>
        <away:score>29</away:score>
      <html:p title="comments on this game"></html:p>
  </week>
  <week number="11"
    xmlns:home="http://www.bclions.com/home"
    xmlns:away="http://www.bclions.com/away"
    xmlns:html="http://www.w3.org/TR/html4/">
      <date>31</date>
      <month>August</month>
      <start-time>4:30 PM</start-time>
      <attendance>17,509</attendance>
      <home:team>Toronto</home:team>
        <home:score>13</home:score>
      <away:team>BC</away:team>
        <away:score>16</away:score>
      <html:p title="comments on this game"></html:p>
  </week>
  <week number="12"
    xmlns:home="http://www.bclions.com/home"
    xmlns:away="http://www.bclions.com/away"
    xmlns:html="http://www.w3.org/TR/html4/">
      <date>9</date>
      <month>September</month>
      <start-time>7:00 PM</start-time>
      <attendance>18,107</attendance>
      <home:team>BC</home:team>
        <home:score>38</home:score>
      <away:team>Montreal</away:team>
        <away:score>27</away:score>
      <html:p title="comments on this game"></html:p>
  </week>
  <week number="14"
    xmlns:home="http://www.bclions.com/home"
    xmlns:away="http://www.bclions.com/away"
    xmlns:html="http://www.w3.org/TR/html4/">
      <date>23</date>
      <month>September</month>
      <start-time>7:00 PM</start-time>
      <attendance></attendance>
      <home:team>Edmonton</home:team>
        <home:score></home:score>
      <away:team>BC</away:team>
        <away:score></away:score>
      <html:p title="comments on this game"></html:p>
  </week>
  <week number="15"
    xmlns:home="http://www.bclions.com/home"
    xmlns:away="http://www.bclions.com/away"
    xmlns:html="http://www.w3.org/TR/html4/">
      <date>1</date>
      <month>October</month>
      <start-time>7:00 PM</start-time>
      <attendance></attendance>
      <home:team>BC</home:team>
        <home:score></home:score>
      <away:team>Ottawa</away:team>
        <away:score></away:score>
      <html:p title="comments on this game"></html:p>
  </week>
  <week number="16"
    xmlns:home="http://www.bclions.com/home"
    xmlns:away="http://www.bclions.com/away"
    xmlns:html="http://www.w3.org/TR/html4/">
      <date>8</date>
      <month>October</month>
      <start-time>1:00 PM</start-time>
      <attendance></attendance>
      <home:team>Winnipeg</home:team>
        <home:score></home:score>
      <away:team>BC</away:team>
        <away:score></away:score>
      <html:p title="comments on this game"></html:p>
  </week>
  <week number="17"
    xmlns:home="http://www.bclions.com/home"
    xmlns:away="http://www.bclions.com/away"
    xmlns:html="http://www.w3.org/TR/html4/">
      <date>14</date>
      <month>October</month>
      <start-time>7:00 PM</start-time>
      <attendance></attendance>
      <home:team>BC</home:team>
        <home:score></home:score>
      <away:team>Winnipeg</away:team>
        <away:score></away:score>
      <html:p title="comments on this game"></html:p>
  </week>
  <week number="18"
    xmlns:home="http://www.bclions.com/home"
    xmlns:away="http://www.bclions.com/away"
    xmlns:html="http://www.w3.org/TR/html4/">
      <date>22</date>
      <month>October</month>
      <start-time>4:00 PM</start-time>
      <attendance></attendance>
      <home:team>BC</home:team>
        <home:score></home:score>
      <away:team>Edmonton</away:team>
        <away:score></away:score>
      <html:p title="comments on this game"></html:p>
  </week>
  <week number="19"
    xmlns:home="http://www.bclions.com/home"
    xmlns:away="http://www.bclions.com/away"
    xmlns:html="http://www.w3.org/TR/html4/">
      <date>29</date>
      <month>October</month>
      <start-time>4:00 PM</start-time>
      <attendance></attendance>
      <home:team>Saskatchewan</home:team>
        <home:score></home:score>
      <away:team>BC</away:team>
        <away:score></away:score>
      <html:p title="comments on this game"></html:p>
  </week>
  <week number="20"
    xmlns:home="http://www.bclions.com/home"
    xmlns:away="http://www.bclions.com/away"
    xmlns:html="http://www.w3.org/TR/html4/">
      <date>5</date>
      <month>November</month>
      <start-time>4:00 PM</start-time>
      <attendance></attendance>
      <home:team>BC</home:team>
        <home:score></home:score>
      <away:team>Saskatchewan</away:team>
        <away:score></away:score>
      <html:p title="comments on this game"></html:p>
  </week>
</BC-Lions_Games>
