<?xml version="1.0" encoding="UTF-8"?>
<response>
  <status>
    <code>0</code>
    <msg><![CDATA[]]></msg>
    <userMsg><![CDATA[]]></userMsg>
  </status>
  <data>
    <category><![CDATA[article]]></category>
    <total>465</total>
    <comment id="18239321" level="1" date="11.07.2012 17:35:16+0300">
      <user><![CDATA[Роман Скамнем]]></user>
      <text><![CDATA[Эх, развалите страну - вся печаль в том, что той стране, в пользу которой вы разваливаете нашу, своими "я хочу писать заявления на русском" - вы не нужны в том виде в котором вы есть - вы черезчур отравлены свободой - это не позволительная роскошь для Российского русского...]]></text>
    </comment>
    <comment id="18240097" level="2" date="11.07.2012 18:38:19+0300">
      <user><![CDATA[Разбитые мечты]]></user>
      <text><![CDATA[какой мудрый))))...не кичись своей мнимой свободой,ты просто не понимаешь,как россиянам смешно читать твой бред,]]></text>
    </comment>
    <comment id="18239220" level="1" date="11.07.2012 17:28:44+0300">
      <user><![CDATA[Петя Васечкин]]></user>
      <text><![CDATA[АНАНАС УКРАЇНИ  а дітям ці вірші потрібні? я наприклад коли вчився то нам задавали читати "Войну и Мир" - я так і не прочитав, навіщо наприклад мені читати цей твір, для себе я не бачу сенсуАНАНАС УКРАЇНИ  мені зараз 28 я його не читав і не буду читати_____________________ Я сомневаюсь что вы вообще что то  читали, - даже украинских авторовЕсть прекрасные произведения украинских авторов- Тарас Бульба, Вечера на хуторе близ Диканьки, Белая гвардия, Мастер и Маргарита - их то же "не видите сенсу"  читать?]]></text>
    </comment>
    <comment id="18239249" level="2" date="11.07.2012 17:30:46+0300">
      <user><![CDATA[Jo Kill]]></user>
      <text><![CDATA[какая разница кто что читает, он янукович только феню читает и страной управляет ... и ничего )))]]></text>
    </comment>
    <comment id="18239272" level="3" date="11.07.2012 17:32:28+0300">
      <user><![CDATA[Петя Васечкин]]></user>
      <text><![CDATA[Янукович - не показатель ...Это маргинальное быдло, и  говорить о том что он читал , мне например противно]]></text>
    </comment>
    <comment id="18239318" level="4" date="11.07.2012 17:35:15+0300">
      <user><![CDATA[Jo Kill]]></user>
      <text><![CDATA[важна система, а не чтение .... Украина и Россия пользуются машинами XXI века, продуктами XXI века, технологиями XXI века, но стержень государства — система управления на уровне 80-х годов века XX.]]></text>
    </comment>
    <comment id="18239408" level="4" date="11.07.2012 17:41:46+0300">
      <user><![CDATA[Петя Васечкин]]></user>
      <text><![CDATA[Пусть теперь дети растут неграмотными, ничего не читающими  люмпенами?Зачем нам произведения- писателей 18-19 -20 веков, тем более написанные на русском языке?]]></text>
    </comment>
    <comment id="18239931" level="4" date="11.07.2012 18:22:58+0300">
      <user><![CDATA[Y D]]></user>
      <text><![CDATA[Да пусть читают. Если дети ваши, то что захотите, то они и будут читать. На том языке, на котором вы им дадите. Школьный список определен школьной программой. Для Украины вполне логично перенести российскую литературу в зарубежную и изучать ее на правах прочей зарубежной (в т.ч. в меньшем объеме, по сравнению с россией или совком), причем в переводе на украинский. Все равно, в школе дети эти книжки читают только для написания сочинений. А что до писателей, то тут по каждой книжке отдельно смотреть нужно. "Ура-патриотические" в пользу совка или россии (в т.ч. и царской) в Украине действительно нафиг не нужны. Это логично. И это справедливо для любой страны.]]></text>
    </comment>
    <comment id="18239278" level="2" date="11.07.2012 17:32:49+0300">
      <user><![CDATA[Kiev FisherVN]]></user>
      <text><![CDATA[В России ж доказали, что Гоголь русский писатель)))))]]></text>
    </comment>
    <comment id="18239351" level="3" date="11.07.2012 17:37:15+0300">
      <user><![CDATA[Jo Kill]]></user>
      <text><![CDATA[а Пушкин?  ))) неужели тоже росс. поэт ))))]]></text>
    </comment>
    <comment id="18239506" level="4" date="11.07.2012 17:49:21+0300">
      <user><![CDATA[Kiev FisherVN]]></user>
      <text><![CDATA[Им виднее )))]]></text>
    </comment>
    <comment id="18240125" level="2" date="11.07.2012 18:41:38+0300">
      <user><![CDATA[Разбитые мечты]]></user>
      <text><![CDATA[Белая гвардия,говорите? украинец написал,говорите? Простите но вы не читали Белую гвардию,если же вы читали Белую гвардию,и считаете что ее написал украинец ,то вам нужно к доктору.]]></text>
    </comment>
    <comment id="18240166" level="3" date="11.07.2012 18:46:23+0300">
      <user><![CDATA[Разбитые мечты]]></user>
      <text><![CDATA[хотя...вполне вероятно,что у вас и Киплинг- индус...]]></text>
    </comment>
    <comment id="18239168" level="1" date="11.07.2012 17:24:44+0300">
      <user><![CDATA[Oleksii Lagoda]]></user>
      <text><![CDATA["Я вынужден переводить все документы через компьютер, править и только потом нести в официальные учреждения. Иначе их просто не принимают, и я не получаю результата", - жалуется в разговоре с корреспондентом ВВС Украина депутат Верховной Рады Крыма.Ужасно раздражает реплика этого дядьки. Просто диву даюсь, как можно быть на столько некомпетентным. Даже подписание и последующее вступление в силу закона всего лишь даст русскому языку статус регионального. А это значит, что украинский язык все равно будет единственным государственным и, соответственно, все представители власти, в том числе и депутаты обязаны согласно действующему законодательству владеть украинским. Так что извините за плагиат, но "не можеш вивчити українську? чємадан-вакзал-расія".P.S. - вся ситуация напоминает замкнутый круг. Как только выборы, сразу манипуляции с мовой-языком. Наверное наш народ, если наступает на одни  и те же грабли раз разом, не может понять что его просто разводят "как котят", на большее не заслуживает. Пора бы уже научиться себя идентифицировать как отдельный народ, украинский, который проживает на своей территории, имеет свою культуру и свою ментальность. А вот красную байку про братские славянские народы пора бы уже забыть, мы сами за себя и братьями должны называть друг друга, а кого-то где-то там.]]></text>
    </comment>
    <comment id="18239317" level="2" date="11.07.2012 17:35:14+0300">
      <user><![CDATA[И в П И]]></user>
      <text><![CDATA[а еще лучше - как Юрий Мешков - буз права въезда обратно]]></text>
    </comment>
    <comment id="18238862" level="1" date="11.07.2012 17:08:46+0300">
      <user><![CDATA[Kiev FisherVN]]></user>
      <text><![CDATA[Проблемы с языком в основном у приезжих. Так это ж нормально! Я на рынках вижу толпы азиатов которые понимают украинский язык, потому что они приезжие, и пытаються адаптироваться.Я учился в школе при Союзе и українска мова та література у нас была два раза в неделю, это по поводу украинизации.Страна должна иметь свою культуру, свой язык и свою самобытность.Почему все должны жить как в России и говорить по русски?]]></text>
    </comment>
    <comment id="18239051" level="2" date="11.07.2012 17:18:15+0300">
      <user><![CDATA[zanoza]]></user>
      <text><![CDATA[точно, китайцы на базаре вполне сносно по -русски лопочут...]]></text>
    </comment>
    <comment id="18239205" level="3" date="11.07.2012 17:27:45+0300">
      <user><![CDATA[Kiev FisherVN]]></user>
      <text><![CDATA[И че, у них из за этого проблемы?Я отовариваюсь на продуктовом рынке у палестинца, он приехал сюда три года назад с женой и тремя детьми, чешет только на мове.]]></text>
    </comment>
    <comment id="18238784" level="1" date="11.07.2012 17:03:17+0300">
      <user><![CDATA[Гордая Птичка]]></user>
      <text><![CDATA[честно говоря я не понимаю в чем проблема? тем кто хочет писать официально на русском и жить на таком же уровне как в Россиине проще ли уехать жить в Россию?там более если вы считаете ее своей родиной тут продали недвижимость - там купили и все, живи и радуйся]]></text>
    </comment>
    <comment id="18238806" level="2" date="11.07.2012 17:05:12+0300">
      <user><![CDATA[Marta Molchanova]]></user>
      <text><![CDATA[ой, Пташко, зараз тебе тапками закидають.... :(]]></text>
    </comment>
    <comment id="18239013" level="3" date="11.07.2012 17:16:44+0300">
      <user><![CDATA[Гордая Птичка]]></user>
      <text><![CDATA[а я их так боюсь )))]]></text>
    </comment>
    <comment id="18239025" level="4" date="11.07.2012 17:17:10+0300">
      <user><![CDATA[Marta Molchanova]]></user>
      <text><![CDATA[я в тобі не сумніваюсь :)]]></text>
    </comment>
    <comment id="18238841" level="2" date="11.07.2012 17:07:26+0300">
      <user><![CDATA[Kolyan Kolyanich]]></user>
      <text><![CDATA[Может лучше тебе в бандеровские края перехать?]]></text>
    </comment>
    <comment id="18238926" level="3" date="11.07.2012 17:11:41+0300">
      <user><![CDATA[helene benauge]]></user>
      <text><![CDATA[Так і Бандерштат до його окупації галіцаями був "ісконно руцким краем". Доказів скільки завгодно : археологи викопують гнилі балалайки і лапті.]]></text>
    </comment>
    <comment id="18238890" level="2" date="11.07.2012 17:09:50+0300">
      <user><![CDATA[helene benauge]]></user>
      <text><![CDATA[Зараз тебе з'їдять, цеж ісконно руцкіе зємлі.]]></text>
    </comment>
    <comment id="18239026" level="3" date="11.07.2012 17:17:16+0300">
      <user><![CDATA[Гордая Птичка]]></user>
      <text><![CDATA[с каких это пор? савецких?]]></text>
    </comment>
    <comment id="18239155" level="4" date="11.07.2012 17:24:05+0300">
      <user><![CDATA[helene benauge]]></user>
      <text><![CDATA[Бачила передачу про Острог і Галич по російскому каналу.]]></text>
    </comment>
    <comment id="18238941" level="2" date="11.07.2012 17:12:22+0300">
      <user><![CDATA[Jo Kill]]></user>
      <text><![CDATA[Коля, независимо от того, каков будет исход поставленного российским чекистским режимом спектакля под наименованием “новая империя путина" большинство ассимилированных под крепостное прозябание в рамках имперского формата российских обитателей, и те из них, кто причисляет себя к так называемым “противникам” чекисткой хунты, и те, кто за миску имперской баланды является служивым и исполнителем путинского мракобесия, так или иначе выбирают для себя пресловутую сказку о великой России и великом пути...]]></text>
    </comment>
    <comment id="18239038" level="3" date="11.07.2012 17:17:52+0300">
      <user><![CDATA[Гордая Птичка]]></user>
      <text><![CDATA[ну ты загнул )))]]></text>
    </comment>
  </data>
</response>
