<?xml version="1.0"?>
<!DOCTYPE html><html xmlns="http://www.w3.org/1999/xhtml" xml:lang="pl"><head><meta charset="utf-8"/><link rel="stylesheet" type="text/css" href="style.css"/><title>Projekt 3</title></head><body><table><tr><span style="color:blue">Bartosz  Abaczek<br/></span></tr><tr><span style="color:red">Marta  Kosiak<br/></span></tr><tr><span style="color:blue">Jan  Kowalski<br/></span></tr><tr><span style="color:red">Weronika  Lawenda<br/></span></tr><tr><span style="color:blue">Marcin  Malinowski<br/></span></tr><tr><span style="color:red">Anna  Nowak<br/></span></tr><tr><span style="color:red">Kamila  Rzeczniak<br/></span></tr><tr><span style="color:blue">Adam  Warkowski<br/></span></tr></table></body></html>
