<?xml version='1.0' encoding='UTF-8'?>
<resources>
  <string name="about_cloud_app_backup">Sobre copia de seguridad</string>
  <string name="already_deleted">%s (eliminado)</string>
  <string name="already_disable_backup">La copia de seguridad ya está desactivada para este dispositivo</string>
  <string name="already_enable_backup">La copia de seguridad ya está activada para este dispositivo</string>
  <string name="app_installed">Instalado</string>
  <string name="app_name">CloudAppBackup</string>
  <string name="app_not_installed">Desinstalado</string>
  <string name="backing_up_to_micloud">Copia de seguridad de los datos de aplicación…</string>
  <string name="backup_immediately">Realizar copia de seguridad ahora</string>
  <string name="backup_size">Tamaño: %s</string>
  <string name="backup_to_cloud">Copia de seguridad en Mi Cloud</string>
  <string name="button_cancel">Cancelar</string>
  <string name="button_continue">Continuar</string>
  <string name="button_delete">Eliminar</string>
  <string name="button_next">Siguiente</string>
  <string name="button_ok">Aceptar</string>
  <string name="button_restore">Restaurar</string>
  <string name="button_stop">Detener</string>
  <string name="cancel_recover_settings">&lt;u&gt;Cancelar&lt;/u&gt;</string>
  <string name="cloud_app_backup_already">" ya tiene copia de seguridad"</string>
  <string name="cloud_app_backup_cancel">Cancelando la copia de seguridad…</string>
  <string name="cloud_app_backup_cancel_prompt_message">"¿La copia de seguridad no ha terminado, cancelar de todos modos?"</string>
  <string name="cloud_app_backup_cancel_prompt_title">Parar copia de seguridad</string>
  <string name="cloud_app_backup_date">"Copia de seguridad en "</string>
  <string name="cloud_app_backup_pending">Esperando…</string>
  <string name="cloud_app_backup_progress">Realizando copia de seguridad…</string>
  <string name="cloud_app_backup_size">Tamaño:</string>
  <string name="cloud_app_backup_success">Copia de seguridad de las aplicaciones terminada</string>
  <string name="cloud_app_backup_summary">Automáticamente hacer copia de seguridad de aplicaciones y datos del usuario cuando el teléfono está conectado a Wi-Fi y en carga</string>
  <string name="cloud_app_backup_title">Copia de seguridad en Mi Cloud</string>
  <string name="cloud_app_check_data">Obteniendo datos de Mi Cloud…</string>
  <string name="cloud_app_current_device">Dispositivo actual</string>
  <string name="cloud_app_delete_data">Eliminar copia de seguridad</string>
  <string name="cloud_app_dont_restore">"No restaurar"</string>
  <string name="cloud_app_function_summary">Cuando haces copia de seguridad en Mi Cloud, puedes restaurarla rápidamente en cualquier dispositivo</string>
  <string name="cloud_app_invalid_op_when_removing">"No puede ver los datos de Mi Cloud mientras estan siendo eliminados"</string>
  <string name="cloud_app_mine">Aplicaciones descargadas</string>
  <string name="cloud_app_no_data">No hay datos</string>
  <string name="cloud_app_no_network">"No se puede conectar a red"</string>
  <string name="cloud_app_other_devices">Otros dispositivos</string>
  <string name="cloud_app_remove_cancel">Cancelando…</string>
  <string name="cloud_app_remove_cancel_prompt_message">¿No se ha terminado de eliminar, cancelar de todos modos?</string>
  <string name="cloud_app_remove_cancel_prompt_title">Dejar de borrar</string>
  <string name="cloud_app_remove_error">"No se puede eliminar"</string>
  <string name="cloud_app_remove_pending">Esperando…</string>
  <string name="cloud_app_remove_progress">Eliminando…</string>
  <string name="cloud_app_remove_prompt">%1$s de los datos se borrarán.</string>
  <string name="cloud_app_remove_success">Aplicaciones eliminadas</string>
  <string name="cloud_app_restore_action_bar_title">%1$s de sus datos ha sido respaldada</string>
  <string name="cloud_app_restore_app_and_data">Restaurar aplicaciones y datos de usuario</string>
  <string name="cloud_app_restore_cancel">Cancelando restauración…</string>
  <string name="cloud_app_restore_cancel_prompt_message">"¿No ha terminado la restauración, cancelar de todos modos?"</string>
  <string name="cloud_app_restore_cancel_prompt_title">Parar restauración</string>
  <string name="cloud_app_restore_data">Restaurar aplicaciones previamente instaladas</string>
  <string name="cloud_app_restore_error">Restauración fallida</string>
  <string name="cloud_app_restore_pending">Esperando…</string>
  <string name="cloud_app_restore_progress">Restaurando…</string>
  <string name="cloud_app_restore_prompt">La restauración sobrescribira los datos locales de usuario con los datos de la copia de seguridad de Mi Cloud.</string>
  <string name="cloud_app_restore_success">Aplicaciones restauradas</string>
  <string name="cloud_app_restore_wifi_prompt">Necesita conectarse a internet a través de Wi-Fi para restaurar sus datos</string>
  <string name="cloud_app_total_size">Tamaño: %1$s</string>
  <string name="cloud_app_version_size">Versión: %1$s, tamaño: %2$s</string>
  <string name="cloud_app_wait_wifi">Esperando conexión Wi-Fi</string>
  <string name="confirm_disable_backup">¿Desactivar y eliminar \"%s\"?</string>
  <string name="customization">&lt;u&gt;personalizar&lt;/u&gt;</string>
  <string name="datasize_unknown">Desconocido</string>
  <string name="date_format">HH:mm:ss dd-MM-yyyy</string>
  <string name="desktop_downloading">Descargando</string>
  <string name="desktop_installing">Instalando</string>
  <string name="desktop_recovering">Recuperando</string>
  <string name="desktop_waiting">Esperando</string>
  <string name="device_delete_prompt">¿Borrar la copia de seguridad %s?</string>
  <string name="device_xiaomi">Teléfono Mi</string>
  <string name="dialog_disable_backup">Desactivar la copia de seguridad</string>
  <string name="dialog_prompt_stop_backup">¿Parar copia de seguridad?</string>
  <string name="dir_date_format">HHmmss_ddMMyyyy</string>
  <string name="disable_backup">Desactivar</string>
  <string name="download_settings">Descargar configuración de la pantalla de inicio</string>
  <string name="enable_backup">Activar</string>
  <string name="error_unknown">Álgo salió mal</string>
  <string name="explantion_of_data_size">Espacio ahorrado utilizando Mi App Market</string>
  <string name="latest_backup_time">Última copia de seguridad: %s</string>
  <string name="latest_backup_time_loading">Cargando…</string>
  <string name="listview_empty_no_results">No hay resultados</string>
  <string name="managespace_delete_backup">Borrar copia de seguridad</string>
  <string name="managespace_total_space">Espacio total: %s</string>
  <string name="menu_item_managespace">Administrar espacio</string>
  <string name="menu_item_sort">Ordenar por</string>
  <string name="menu_item_sort_name">Nombre</string>
  <string name="menu_item_sort_size">Tamaño</string>
  <string name="miui_device_name">Android</string>
  <string name="name_model">"%1$s's %2$s"</string>
  <string name="no_app_to_backup">No hay aplicaciones para la copia de seguridad</string>
  <string name="no_backup">No hay copias de seguridad</string>
  <string name="open_wifi">Enciende el Wi-Fi ahora</string>
  <string name="open_wifi_description">Conéctese a una red Wi-Fi para restaurar datos de aplicaciones</string>
  <string name="open_wifi_setting">Configuración Wi-Fi</string>
  <string name="process_whole_recovery">Restauración de \"%s\"</string>
  <string name="recover_from_micloud">Recuperar usando Mi Cloud</string>
  <string name="recover_settings">Restaurar configuración de la pantalla de inicio</string>
  <string name="recover_settings_description">Mantenga su dispositivo encendido</string>
  <string name="recovering">Restaurando: %s</string>
  <string name="restore_from_cloud">Restaurar desde Mi Cloud</string>
  <string name="restoreing_file_tile">Restaurando %d archivos</string>
  <string name="retry">Reintentar</string>
  <string name="sdcard_no_enough_space">No hay espacio suficiente</string>
  <string name="sdcard_unmounted">Tarjeta SD no detectada</string>
  <string name="select_backup_data">Selecciona copia de seguridad</string>
  <string name="self_phone">Este teléfono</string>
  <string name="start_backup_to_micloud">Realizar copia de seguridad de aplicaciones a Mi Cloud</string>
  <string name="start_recover">Recuperar %s</string>
  <string name="stop_backup">Parar</string>
  <string name="v5_data">datos V5</string>
  <string name="v5_delete">Borrar datos V5</string>
  <string name="xiaomi_account_type">com.xiaomi</string>
</resources>
