<!doctype html>
<html>
<head>
<meta http-equiv="Content-Type" content="text/html; charset=UTF-8" />
<title>jQuery.xmleditor MODS Document Editing Demo</title>
<link rel="stylesheet" href="stylesheets/reset.css" type="text/css" />
<link rel="stylesheet" href="stylesheets/demo.css" type="text/css" />
<link rel="stylesheet" href="../css/jquery.xmleditor.css" type="text/css" />
<script src="../lib/ace/src-min/ace.js"></script>
<script src="../lib/jquery.min.js"></script>
<script src="../lib/jquery-ui.min.js"></script>
<script src="../lib/json2.js"></script>
<script src="../lib/cycle.js"></script>
<script src="../lib/jquery.autosize-min.js"></script>
<script src="../jquery.xmleditor.js"></script>
</head>
<body>
	<div class="wrapper">
		<header>
			<h1>jQuery.xmleditor Spoonful of Math MODS Editing Demo</h1>
			<a href="https://github.com/UNC-Libraries/jquery.xmleditor">View
				the Project on GitHub <small>UNC-Libraries/jquery.xmleditor</small>
			</a>
		</header>
	</div>
	<div id="xml_editor">
	</div>
	<script>
		$(function() {
			$("#xml_editor").xmlEditor({
				documentTitle : "A Spoonful of Math Helps The Medicine Go Down",
				ajaxOptions: {
					xmlRetrievalPath: "examples/spoonful_of_mods.xml"
				},
				schema : "examples/mods.json",
				libPath : '../lib/'
			});
		});
	</script>
	<footer>
		<p>
			This project is maintained by <a
				href="https://github.com/UNC-Libraries">UNC-Libraries</a>
		</p>
	</footer>
</body>
</html>
