<?xml version='1.0' encoding='UTF-8'?>
<resources>
  <string name="Parse_error_dlg_text">Hubo un problema al analizar el paquete.</string>
  <string name="Parse_error_dlg_title">Error de análisis</string>
  <string name="abc_action_bar_home_description">Ir a inicio</string>
  <string name="abc_action_bar_home_description_format">%1$s, %2$s</string>
  <string name="abc_action_bar_home_subtitle_description_format">%1$s, %2$s, %3$s</string>
  <string name="abc_action_bar_up_description">Desplazarse hacia arriba</string>
  <string name="abc_action_menu_overflow_description">Mas opciones</string>
  <string name="abc_action_mode_done">Listo</string>
  <string name="abc_activity_chooser_view_see_all">Ver todo</string>
  <string name="abc_activitychooserview_choose_application">Elija una aplicación</string>
  <string name="abc_search_hint">Buscando…</string>
  <string name="abc_searchview_description_clear">Borrar consulta</string>
  <string name="abc_searchview_description_query">Consulta</string>
  <string name="abc_searchview_description_search">Buscar</string>
  <string name="abc_searchview_description_submit">Enviar consulta</string>
  <string name="abc_searchview_description_voice">Búsqueda por voz</string>
  <string name="abc_shareactionprovider_share_with">Compartir con</string>
  <string name="abc_shareactionprovider_share_with_application">Compartir con %s</string>
  <string name="abc_toolbar_collapse_description">Contraer</string>
  <string name="additional_permissions">Permisos adicionales</string>
  <string name="allPerms">Todos</string>
  <string name="all_permissions">Todos los permisos</string>
  <string name="allow_source_dlg_text">"%1$s quiere instalar otras aplicaciones.

¿Permitir ahora y en adelante?"</string>
  <string name="allow_source_dlg_title">Nueva fuente para las aplicaciones</string>
  <string name="app_name">Instalador de Paquetes</string>
  <string name="app_not_found_dlg_text">No se ha encontrado la aplicación en la lista de aplicaciones instaladas.</string>
  <string name="app_not_found_dlg_title">Aplicación no encontrada</string>
  <string name="app_permissions">Permisos de aplicaciones</string>
  <string name="app_permissions_breadcrumb">Aplicaciones</string>
  <string name="app_permissions_group_summary">%1$d de %2$d aplicaciones permitidas</string>
  <string name="auto_startup_dialog_msg">Esta aplicación puede empezar sin su permiso.</string>
  <string name="btn_text_full_scan">Escaneo completo</string>
  <string name="caller_app">Solicitud de permiso de %1$s</string>
  <string name="cancel">Cancelar</string>
  <string name="current_permission_template">%1$s de %2$s</string>
  <string name="default_permission_description">realizar una acción desconocida</string>
  <string name="devicePerms">Acceso al dispositivo</string>
  <string name="dlg_app_replacement_statement">"La aplicación que está instalando reemplazará a otra aplicación.

Se guardarán todos los datos anteriores."</string>
  <string name="dlg_app_replacement_statement_with_version">%1$s (%2$s) reemplazará la versión instalada (%3$s). Se guardarán todos los datos de las aplicaciones existentes.</string>
  <string name="dlg_app_replacement_title">¿Reemplazar la aplicación existente?</string>
  <string name="dlg_appstore_notice">Obtener esta aplicación de sitios oficiales &lt;u&gt;&lt;font color=#91c727&gt;App Store&lt;/font&gt;&lt;/u&gt;</string>
  <string name="dlg_ok">Aceptar</string>
  <string name="dlg_sys_app_replacement_statement">"Esta es una aplicación de sistema. ¿Seguro que quiere reemplazarla?

Se guardarán todos los datos de usuario existentes."</string>
  <string name="done">Listo</string>
  <string name="grant_dialog_button_allow">Permitir</string>
  <string name="grant_dialog_button_deny">Denegar</string>
  <string name="high_risk_perms">Permisos de alto riesgo</string>
  <string name="install">Instalar</string>
  <string name="install_confirm_question">¿Quiere instalar esta aplicación? obtendrá permiso para:</string>
  <string name="install_confirm_question_no_perms">¿Quieres instalar esta aplicación? No requiere ningún permiso especial.</string>
  <string name="install_confirm_question_update">¿Quieres instalar una actualización de esta aplicación? no se perderá sus datos. La aplicación actualizada tendrá permisos para:</string>
  <string name="install_confirm_question_update_no_perms">¿Quieres instalar una actualización de esta aplicación? no se perderá sus datos. No requiere ningún permiso especial.</string>
  <string name="install_confirm_question_update_system">¿Quieres instalar una actualización de esta aplicación? no se perderá sus datos. La aplicación actualizada tendrá permisos para:</string>
  <string name="install_confirm_question_update_system_no_perms">¿Quieres instalar una actualización de esta aplicación? no se perderá sus datos. No requiere ningún permiso especial.</string>
  <string name="install_done">Aplicación instalada</string>
  <string name="install_failed">Aplicación no instalada</string>
  <string name="install_failed_cpu_abi_incompatible">Esta aplicación no es compatible con la CPU de este teléfono.</string>
  <string name="install_failed_file_not_found">El paquete especificado fue borrado antes de que la instalación pudiera ser completada.</string>
  <string name="install_failed_inconsistent_certificates">Un paquete existente con el mismo nombre y firma conflictiva está ya instalado.</string>
  <string name="install_failed_invalid_apk">El paquete parece estar dañado.</string>
  <string name="install_failed_msg">%1$s no pudo ser instalado en este teléfono.</string>
  <string name="install_failed_older_sdk">El paquete sólo funciona en versiones más modernas de Android.</string>
  <string name="install_failed_system_incompatible">Esta aplicación no es compatible con MIUI</string>
  <string name="install_failed_verify_failed">El paquete no pasó la verificación y no se puede instalar.</string>
  <string name="install_failed_verify_timeout">El tiempo de espera se agotó durante la verificación de este paquete. Intente instalarlo de nuevo más tarde.</string>
  <string name="install_from_appstore_hint">Te recomendamos que instales la aplicación desde &lt;u&gt;&lt;font color=#91c727&gt;AppStore&lt;/font&gt;&lt;/u&gt;</string>
  <string name="installing">Instalando…</string>
  <string name="launch">Abrir</string>
  <string name="lb_control_display_fast_forward_multiplier">%1$dX</string>
  <string name="lb_control_display_rewind_multiplier">%1$dX</string>
  <string name="lb_guidedactions_item_disabled_chevron_alpha">0.5</string>
  <string name="lb_guidedactions_item_enabled_chevron_alpha">1.0</string>
  <string name="lb_guidedactions_item_unselected_description_text_alpha">0.5</string>
  <string name="lb_guidedactions_item_unselected_text_alpha">1.0</string>
  <string name="lb_playback_controls_closed_captioning_disable">Inhabilitar subtítulos</string>
  <string name="lb_playback_controls_closed_captioning_enable">Habilitar subtítulos</string>
  <string name="lb_playback_controls_fast_forward">Avance rápido</string>
  <string name="lb_playback_controls_fast_forward_multiplier">Avance rápido %1$dX</string>
  <string name="lb_playback_controls_high_quality_disable">Inhabilitar alta calidad</string>
  <string name="lb_playback_controls_high_quality_enable">Habilitar alta calidad</string>
  <string name="lb_playback_controls_more_actions">Más acciones</string>
  <string name="lb_playback_controls_pause">Pausar</string>
  <string name="lb_playback_controls_play">Reproducir</string>
  <string name="lb_playback_controls_repeat_all">Repetir todo</string>
  <string name="lb_playback_controls_repeat_none">No repetir</string>
  <string name="lb_playback_controls_repeat_one">Repetir uno</string>
  <string name="lb_playback_controls_rewind">Rebobinar</string>
  <string name="lb_playback_controls_rewind_multiplier">Rebobinar %1$dX</string>
  <string name="lb_playback_controls_shuffle_disable">Inhabilitar reproducción aleatoria</string>
  <string name="lb_playback_controls_shuffle_enable">Habilitar reproducción aleatoria</string>
  <string name="lb_playback_controls_skip_next">Saltar siguiente</string>
  <string name="lb_playback_controls_skip_previous">Saltar anterior</string>
  <string name="lb_playback_controls_thumb_down">No seleccionar pulgar hacia abajo</string>
  <string name="lb_playback_controls_thumb_down_outline">Seleccionar pulgar hacia abajo</string>
  <string name="lb_playback_controls_thumb_up">No seleccionar pulgar hacia arriba</string>
  <string name="lb_playback_controls_thumb_up_outline">Seleccionar pulgar hacia arriba</string>
  <string name="lb_search_bar_hint">Buscar</string>
  <string name="lb_search_bar_hint_speech">Habla para buscar</string>
  <string name="lb_search_bar_hint_with_title">Buscar %1$s</string>
  <string name="lb_search_bar_hint_with_title_speech">Habla para buscar %1$s</string>
  <string name="lift_ban">Permitir</string>
  <string name="lift_ban_once">Permitir una vez</string>
  <string name="loading">Cargando…</string>
  <string name="location_settings">Ajustes de ubicación</string>
  <string name="location_warning">%1$s es un proveedor de servicios de localización para este dispositivo. El acceso a la ubicación se puede modificar en los ajustes de ubicación.</string>
  <string name="low_risk_perms">Permisos de bajo riesgo</string>
  <string name="manage_applications">Gestionar aplicaciones</string>
  <string name="manage_device_administrators">Gestionar administradores de dispositivo</string>
  <string name="menu_hide_system">Ocultar aplicaciones del sistema</string>
  <string name="menu_show_system">Mostrar aplicaciones del sistema</string>
  <string name="message_appstore_verify_has_new_version">Una nueva versión de esta aplicación está disponible en nuestra App Store. ¿Quieres instalarla?</string>
  <string name="message_appstore_verify_inconsistent">La firma de esta aplicación es diferente a la de nuestra App Store, será más seguro instalarla desde allí.</string>
  <string name="message_appstore_verify_ok">La versión de esta aplicación en nuestra App Store ha pasado nuestros tests de seguridad, te recomendamos que la instales desde allí.</string>
  <string name="message_full_scanning">Escaneo completo…</string>
  <string name="message_install_in_market">Recomendamos que instales la aplicación desde nuestra App Store</string>
  <string name="message_quick_scanning">Escaneo rápido…</string>
  <string name="never_ask_again">No volver a preguntar</string>
  <string name="newPerms">Nuevo</string>
  <string name="next">Siguiente</string>
  <string name="no_apps">No hay aplicaciones</string>
  <string name="no_new_perms">Esta actualización no requiere permisos nuevos.</string>
  <string name="no_permissions">Sin permisos</string>
  <string name="ok">Aceptar</string>
  <string name="old_sdk_deny_warning">Esta aplicación está diseñada para una versión anterior de Android. Si se le deniega el permiso, puede dejar de funcionar de la forma prevista.</string>
  <string name="other_relative">Otros</string>
  <string name="out_of_space_dlg_text">No hay suficiente espacio de almacenamiento en el dispositivo para instalar %1$s</string>
  <string name="out_of_space_dlg_title">No hay espacio suficiente</string>
  <string name="package_delete_confirm_step_1">¿Eliminar %s?</string>
  <string name="package_delete_confirm_step_2">Eliminar esta aplicación puede hacer que el sistema se vuelva inestable.</string>
  <string name="package_delete_confirm_step_3">No podrás abrir esta aplicación después de haber sido eliminada.</string>
  <string name="perm_action_accept">Permitir</string>
  <string name="perm_action_prompt">Preguntar</string>
  <string name="perm_action_reject">Denegar</string>
  <string name="perm_notice">Alertar</string>
  <string name="perm_privacy_app_finish">Finalizar</string>
  <string name="perm_privacy_app_installed">Aplicación instalada</string>
  <string name="perm_privacy_app_launch">Abrir</string>
  <string name="perm_privacy_app_trust">Solicitar permiso</string>
  <string name="perm_privacy_app_trust_summary">Preguntarme cuando esta aplicación esté intentando acceder a otros componentes del sistema</string>
  <string name="perm_sysopt_boost_auto_start">Permiso de auto-arranque</string>
  <string name="perm_sysopt_boost_auto_start_summary">Esta aplicación puede iniciarse automáticamente</string>
  <string name="permission_action_accept">Aceptar</string>
  <string name="permission_action_prompt">Preguntar</string>
  <string name="permission_action_reject">Denegar</string>
  <string name="permission_group_title_charges_related">Teléfono</string>
  <string name="permission_group_title_media_related">Multimedia</string>
  <string name="permission_group_title_others">Otros</string>
  <string name="permission_group_title_privacy_related">Privacidad</string>
  <string name="permission_group_title_settings_related">Ajustes</string>
  <string name="permission_send_sms_descx">La aplicación podrá enviar SMS y MMS</string>
  <string name="permission_title">Permisos: %1$s</string>
  <string name="permission_warning_template">¿Permitir a %1$s  %2$s?</string>
  <string name="permlab_togglePermissions">alternar permisos</string>
  <string name="privacyPerms">Privacidad</string>
  <string name="safe_guard_support">Apoyo técnico proporcionado por %1$s</string>
  <string name="safe_relative">Seguridad</string>
  <string name="screen_overlay_button">Abrir ajustes</string>
  <string name="screen_overlay_message">Para cambiar esta configuración del permiso , primero tiene que desactivar la pantalla superpuesta en Ajustes &gt; Aplicaciones</string>
  <string name="screen_overlay_title">Detectada pantalla superpuesta</string>
  <string name="security_settings_desc">Permitir que esta aplicación:</string>
  <string name="settings">Ajustes</string>
  <string name="status_bar_notification_info_overflow">999+</string>
  <string name="system_warning">Si deniega este permiso, las características básicas de su dispositivo pueda que no funcionen correctamente.</string>
  <string name="uninstall_activity_text">%1$s es parte de las siguientes aplicaciones:</string>
  <string name="uninstall_application_text">Esta aplicación será desinstalada.</string>
  <string name="uninstall_application_title">Desinstalar aplicación</string>
  <string name="uninstall_confirm_question">¿Desea desinstalar esta aplicación?</string>
  <string name="uninstall_done">Desinstalación completada</string>
  <string name="uninstall_failed">No se pudo desinstalar esta aplicación</string>
  <string name="uninstall_failed_device_policy_manager">No se puede desinstalar este paquete, es administrador de dispositivo activo.</string>
  <string name="uninstall_failed_msg">%1$s no pudo ser desinstalado</string>
  <string name="uninstall_failed_retained_app_msg">Esta aplicación ha sido modificada y no puede ser desinstalada en su forma actual.</string>
  <string name="uninstall_update_text">La aplicación será reemplazada con la versión original.</string>
  <string name="uninstall_update_title">¿Desinstalar la actualización?</string>
  <string name="uninstalling">Desinstalando…</string>
  <string name="unknown">Desconocido</string>
  <string name="unknown_apps_admin_dlg_text">"El administrador no permite la instalación de aplicaciones de fuentes desconocidas."</string>
  <string name="unknown_apps_dlg_text">El teléfono está configurado para bloquear la instalación de aplicaciones de fuentes desconocidas. Puede desactivar esta función en Ajustes.</string>
  <string name="unknown_apps_dlg_text1">"El teléfono está configurado para bloquear la instalación de aplicaciones de fuentes desconocidas. Puede desactivar esta función en "</string>
  <string name="unknown_apps_dlg_text2">\"Ajustes\"</string>
  <string name="unknown_apps_dlg_text3">.</string>
  <string name="unknown_apps_dlg_title">Instalación bloqueada</string>
  <string name="unknown_installer">Herramientas de PC no identificadas</string>
  <string name="v7_preference_off">APAGADO</string>
  <string name="v7_preference_on">ENCENDIDO</string>
  <string name="virus_scan_caller_unknown">Desconocido</string>
  <string name="virus_scan_clear">Eliminar</string>
  <string name="virus_scan_install">&lt;u&gt;Instalar todos modos&lt;/u&gt;</string>
  <string name="virus_scan_is_risk">"Esta aplicación supone un riesgo para la seguridad de su dispositivo."</string>
  <string name="virus_scan_is_virus">Esta aplicación contiene un virus.</string>
  <string name="waiting_tip">Esto puede tomar un tiempo, pero vale la pena</string>
</resources>
