<courseCatalog xmlns="http://www.cs.umn.edu/4131/ns/catalog" 
			   xmlns:xsd="http://www.w3.org/2001/XMLSchema" 
			   xmlns:xsi="http://www.w3.org/2001/XMLSchema-instance" 
			   xsi:schemaLocation="http://www.cs.umn.edu/4131/ns/catalog Catalog.xsd">
	<course>
		<title>Database Management</title>
		<instructor title="Prof">
			<firstname>You</firstname>
			<lastname>Yang</lastname>
		</instructor>
		<instructor title="Prof">
			<firstname>LOL</firstname>
			<lastname>LOL</lastname>
		</instructor>
		<number>CS4707</number>
		<schedule>
			<lecture day="Tue">10:30-11:30</lecture>
			<lecture day="Th">10:30-11:30</lecture>
		</schedule>
		<semester>Fall</semester>
		<enrollment>12</enrollment>
	</course>
	<course>
		<title>Intro to Art</title>
		<instructor title="Dr">
			<firstname>Li</firstname>
			<lastname>Hang</lastname>
		</instructor>
		<instructor title="Prof">
			<firstname>LOL</firstname>
			<lastname>LOL</lastname>
		</instructor>
		<number>AR1001</number>
		<schedule>
			<lecture day="Mon">10:30-11:30</lecture>
			<lecture day="Wed">10:30-11:30</lecture>
		</schedule>
		<semester>Spring</semester>
		<enrollment>78</enrollment>
	</course>
	<course>
		<title>Physics</title>
		<instructor title="Prof">
			<firstname>Tian</firstname>
			<lastname>Tian</lastname>
		</instructor>
		<instructor title="Prof">
			<firstname>LOL</firstname>
			<lastname>LOL</lastname>
		</instructor>
		<number>PY1001</number>
		<schedule>
			<lecture day="Mon">13:30-14:30</lecture>
			<lecture day="Fri">13:30-14:30</lecture>
		</schedule>
		<semester>Summer</semester>
		<enrollment>66</enrollment>
	</course>
	<course>
		<title>Hello World</title>
		<instructor title="Dr">
			<firstname>Bla</firstname>
			<lastname>Bla</lastname>
		</instructor>
		<instructor title="Prof">
			<firstname>LOL</firstname>
			<lastname>LOL</lastname>
		</instructor>
		<number>HW1234</number>
		<schedule>
			<lecture day="Tue">08:30-09:30</lecture>
			<lecture day="Th">08:30-09:30</lecture>
			<lecture day="Fri">08:30-09:30</lecture>
		</schedule>
		<semester>Fall</semester>
		<enrollment>10</enrollment>
	</course>
</courseCatalog>