<?xml version="1.0" encoding="UTF-8"?>
<xsl:stylesheet version="1.0" xmlns:xsl="http://www.w3.org/1999/XSL/Transform">

<xsl:output method="html" indent="yes"/>

<xsl:template match="/">
<html>
	<body>
	<h1>Bibliothèque</h1>
		<table border="1" color="black">
			<thead>
		
				<tr>
					<th><em>Titre<tab/> </em></th>
					<th><em>Auteur(s)</em></th>
					<th><em>Editeur </em></th>
				</tr>
			</thead>
			
			<tbody>
			<xsl:for-each select="//Item">
			<xsl:sort select="@ISBN"/>
				<tr>
					<td><xsl:value-of select="Title"/></td>
					<td><xsl:value-of select="Author"/></td>
					<td><xsl:value-of select="Publisher"/></td>
				</tr>
			</xsl:for-each>
			</tbody>
		</table>
	</body>
</html>
</xsl:template>

</xsl:stylesheet>
