<?xml version="1.0"?>
<xs:schema xmlns:xs="http://www.w3.org/2001/XMLSchema">

	<xs:element name="address_book">
		<xs:complexType>
			<xs:sequence>
				<xs:element name="contact" minOccurrs="0" maxOccurrs="unbounded">
					<xs:complexType>
						<xs:sequence>
							<xs:element name="first_name" type="xs:string" />
							<xs:element name="last_name" type="xs:string" />
							<xs:element name="home_phone" type="xs:string" />
							<xs:element name="work_phone" type="xs:string" />
							<xs:element name="cell_phone" type="xs:string" />
							<xs:element name="email" type="xs:string" />
							<xs:element name="address" type="address_type" />
						</xs:sequence>
					</xs:complexType>
				</xs:element>
			</xs:sequence>
		</xs:complexType>
	</xs:element>

	<xs:complexType name="address_type">
		<xs:sequence>
			<xs:element name="street" type="xs:string" />
			<xs:element name="city" type="xs:string" />
			<xs:element name="province" type="xs:string" />
			<xs:element name="postal_code" type="xs:string" />
			<xs:element name="country" type="xs:string" />
		</xs:sequence>
	</xs:complexType>

</xs:schema>
