<?xml version="1.0"?>
<!DOCTYPE html><html><head><meta http-equiv="Content-Type" content="text/html;charset=UTF-8"/><title>Moje zadanie</title></head><body><h2>Moje zadanie</h2><ol><li><span style="color:green; text-decoration: underline">Filemon</span> 7 Kocur</li><li><span style="text-decoration: underline">Reks</span> 10 Pies</li><li><span style="color:green; text-decoration: underline">Uszata</span> 2 Kotka</li><li><span style="text-decoration: underline">Kika</span> 3 Suczka</li><li><span style="text-decoration: underline">Azor</span> 8 Pies</li></ol></body></html>
