<?xml version="1.0" encoding="UTF-8"?>
<plugin xmlns="http://www.phonegap.com/ns/plugins/1.0"
    xmlns:android="http://schemas.android.com/apk/res/android"
    id="com.phonegap.plugins.childbrowser"
    version="3.0.4">

    <name>Child Browser</name>

    <asset src="www/childbrowser.js" target="childbrowser.js" />
    <asset src="www/childbrowser" target="childbrowser" />

    <!-- android -->
    <platform name="android">
        <config-file target="AndroidManifest.xml" parent="/manifest/application">
            <activity android:name="com.phonegap.plugins.childBrowser.ChildBrowser"
                      android:label="@string/app_name">
                <intent-filter>
                </intent-filter>
            </activity>
        </config-file>

        <!-- Cordova 1.5 - 1.9 -->
        <config-file target="res/xml/plugins.xml" parent="/plugins">
            <plugin name="ChildBrowser"
                value="com.phonegap.plugins.childBrowser.ChildBrowser"/>
        </config-file>

        <!-- Cordova 2.0.0 -->
        <config-file target="res/xml/config.xml" parent="/cordova/plugins">
            <plugin name="ChildBrowser"
                value="com.phonegap.plugins.childBrowser.ChildBrowser"/>
        </config-file>

        <source-file src="src/android/ChildBrowser.java"
                target-dir="src/com/phonegap/plugins/childBrowser" />
    </platform>
    <!-- ios -->
    <platform name="ios">
        <plugins-plist key="ChildBrowser"
                    string="ChildBrowserCommand" />

        <resource-file src="ChildBrowser.bundle" />
        <resource-file src="ChildBrowserViewController.xib" />

        <header-file src="ChildBrowserCommand.h" />
        <header-file src="ChildBrowserViewController.h" />

        <source-file src="ChildBrowserCommand.m" />
        <source-file src="ChildBrowserViewController.m" />
    </platform>
</plugin>
