<?xml version="1.0" encoding="utf-8"?>
<resources>
    <string name="date_format">EEEE, d \'de\' MMMM</string>
    <string name="today">Hoy</string>
    <string name="tomorrow">Mañana</string>
    <string name="aqi_pure"/>
    <string name="aqi_good"/>
    <string name="aqi_moderate"/>
    <string name="aqi_pollution"/>
    <string name="aqi_unhealthy"/>
    <string name="aqi_dangerous"/>
    <string name="aqi_hazardous"/>
    <string name="aqi_break"/>
    <string name="weather_type_0">Despejado</string>
    <string name="weather_type_1">Nublado</string>
    <string name="weather_type_2">Brumoso</string>
    <string name="weather_type_3">Niebla</string>
    <string name="weather_type_4">Tormenta fuerte</string>
    <string name="weather_type_5">Tormenta</string>
    <string name="weather_type_6">Lluvia muy fuerte</string>
    <string name="weather_type_7">Truenos</string>
    <string name="weather_type_8">Chubascos</string>
    <string name="weather_type_9">Fuerte lluvia</string>
    <string name="weather_type_10">Lluvia</string>
    <string name="weather_type_11">Llovizna</string>
    <string name="weather_type_12">Aguanieve</string>
    <string name="weather_type_13">Tormenta de nieve</string>
    <string name="weather_type_14">Copos de nieve</string>
    <string name="weather_type_15">Fuerte nevada</string>
    <string name="weather_type_16">Nieve</string>
    <string name="weather_type_17">Nieve ligera</string>
    <string name="weather_type_18">Fuerte tormenta de arena</string>
    <string name="weather_type_19">Tormenta de arena</string>
    <string name="weather_type_20">Ligera tormenta de arena</string>
    <string name="weather_type_21">Tormenta de arena</string>
    <string name="weather_type_22">Granizo</string>
    <string name="weather_type_23">Polvo</string>
    <string name="weather_type_24">Neblina</string>
</resources>
