<?xml version='1.0' encoding='UTF-8'?>
<resources>
  <string name="alwaysUsePrompt">Recordar esta elección</string>
  <string name="anniversary_of_lifting_martial_law">Aniversario del Levantamiento de la Ley Marcial</string>
  <string name="anti_aggression_day">Día de la Agresión Japonesa</string>
  <string name="app_no_notification">Vacío</string>
  <string name="app_notificaiton_on_notificationBar">Menú desplegable</string>
  <string name="app_notificaiton_on_statusBar_and_notificationBar">Barra de estado, Menú desplegable</string>
  <string name="arbor_day">Día del Árbol</string>
  <string name="armed_forces_day">Día de las Fuerzas Armadas</string>
  <string name="auto_start_warning_allow">Permitir</string>
  <string name="auto_start_warning_deny">Denegar</string>
  <string name="auto_start_warning_title">¿Permitir a %s autoarrancar en el futuro?</string>
  <string name="autumn_begins">Inicio del Otoño</string>
  <string name="autumn_equinox">Equinoccio de Otoño</string>
  <string name="call_record_or">" o "</string>
  <string name="call_record_sample_prefix_miui">Llamar</string>
  <string name="caller_info_name_delimiter">" o "</string>
  <string name="childrens_day">Día del Niño</string>
  <string name="chinese_youth_day">Día de la Juventud</string>
  <string name="christmas_day">Navidad</string>
  <string name="clear_and_bright">Claro y Brillante</string>
  <string name="cold_dews">Rocío</string>
  <string name="copy">Copiar</string>
  <string name="cut">Cortar</string>
  <string name="day_following_good_friday">Día siguiente a Viernes Santo</string>
  <string name="device_hongmi">Redmi</string>
  <string name="device_pad">Mi Pad</string>
  <string name="device_xiaomi">Teléfono Mi</string>
  <string name="double_seventh_day">Día del doble séptimo día</string>
  <string name="easter">Pascua</string>
  <string name="first_back_long_press_message">"Otra pulsación larga terminará el proceso actual y sus servicios. 

Para activar esta función, vaya a Configurar &gt; Sistema &gt; Botones"</string>
  <string name="fm_record_smaple_prefix_miui">Grabación FM</string>
  <string name="fools_day">Día de los Santos Inocentes</string>
  <string name="force_exit_message">Forzar salida %1$s</string>
  <string name="force_exit_skip_message">%1$s es un componente clave del sistema, no puede ser obligado a terminar.</string>
  <string name="global_actions_airplane_mode">Modo avión</string>
  <string name="global_actions_reboot">Reiniciar</string>
  <string name="global_actions_shutdown">Apagar</string>
  <string name="global_actions_silent_mode">Modo silencio</string>
  <string name="good_friday">Viernes Santo</string>
  <string name="grain_buds">Brote del grano</string>
  <string name="grain_in_ear">Grano en la Oreja</string>
  <string name="grain_rain">Lluvia de Grano</string>
  <string name="great_cold">Mucho frío</string>
  <string name="great_heat">Mucho calor</string>
  <string name="group_name_contacts">Contactos</string>
  <string name="group_name_coworkers">Compañeros de trabajo</string>
  <string name="group_name_family">Familia</string>
  <string name="group_name_friends">Amigos</string>
  <string name="heavy_snow">Fuerte nevada</string>
  <string name="hksar_establishment_day">Región Administrativa</string>
  <string name="hoar_frost_falls">Hielo</string>
  <string name="insects_awaken">Despertar de los Insectos</string>
  <string name="international_womens_day">Día Internacional de la Mujer</string>
  <string name="key_btn_ok">Aceptar</string>
  <string name="key_btn_space">Espacio</string>
  <string name="labour_day">Día laboral</string>
  <string name="lantern_festival">Festival de los Faroles</string>
  <string name="light_snow">Leve nevada</string>
  <string name="lockscreen_access_pattern_cell_added">Patrón añadido</string>
  <string name="lockscreen_access_pattern_cleared">Patrón borrado</string>
  <string name="lockscreen_access_pattern_detected">Patrón completado</string>
  <string name="lockscreen_access_pattern_start">Patrón iniciado</string>
  <string name="lunar_ba">Ocho</string>
  <string name="lunar_calendar">Calendario Lunar</string>
  <string name="lunar_chu">Primera</string>
  <string name="lunar_chu_shi">Décima</string>
  <string name="lunar_er">Segunda</string>
  <string name="lunar_er_shi">二十</string>
  <string name="lunar_jiu">Nueve</string>
  <string name="lunar_leap">Correr</string>
  <string name="lunar_ling">O</string>
  <string name="lunar_liu">Seis</string>
  <string name="lunar_nian">Veinte</string>
  <string name="lunar_qi">Siete</string>
  <string name="lunar_san">Tres</string>
  <string name="lunar_san_shi">Treinta</string>
  <string name="lunar_shi">Década</string>
  <string name="lunar_shi_er">Diciembre</string>
  <string name="lunar_shi_yi">Invierno</string>
  <string name="lunar_si">Cuatro</string>
  <string name="lunar_wu">5</string>
  <string name="lunar_year">años</string>
  <string name="lunar_yi">A</string>
  <string name="lunar_yue">Mes</string>
  <string name="lunar_zheng">Positivo</string>
  <string name="maml_component_customization_title">Ajustes</string>
  <string name="miui_device_name">Android</string>
  <string name="national_day">Día Nacional</string>
  <string name="national_father_day">Cumpleaños de Sun Yat-sen</string>
  <string name="new_years_day">Año Nuevo</string>
  <string name="no_notification_tips">Sin notificaciones</string>
  <string name="partys_day">Festivo</string>
  <string name="paste">Pegar</string>
  <string name="peace_day">Memorial de la Paz</string>
  <string name="perm_send_push_dspt">Permitir mensajes automáticos de Xiaomi</string>
  <string name="perm_send_push_lab">Enviar mensaje automático</string>
  <string name="presentation_payphone">Teléfono público</string>
  <string name="presentation_private">Número oculto</string>
  <string name="presentation_unknown">Número desconocido</string>
  <string name="reboot_confirm_title">El teléfono se reiniciará.</string>
  <string name="reboot_progress">Reiniciando…</string>
  <string name="replace">Reemplazar</string>
  <string name="resource_select">Seleccionar</string>
  <string name="retrocession_day">Día De La Independencia</string>
  <string name="screen_button_notification_text">Para volver a activarlos, pulse simultáneamente los botones Home y Encendido.</string>
  <string name="screen_button_notification_title">Botones de navegación desactivados</string>
  <string name="screen_on_proximity_sensor_hint">Para desactivar esta función, pulse los botones atrás y subir volumen simultáneamente.</string>
  <string name="screen_on_proximity_sensor_summary">"No tape el área naranja de la pantalla"</string>
  <string name="screen_on_proximity_sensor_title">Evitar marcación cuando el movil está en el bolsillo</string>
  <string name="screen_paper_mode_enter_toast">El modo lectura está activado. Puede activar o desactivar esta función en cualquier momento en Ajustes adicionales, Modo lectura.</string>
  <string name="select">Seleccionar</string>
  <string name="select_all">Selec. todo</string>
  <string name="shutdown_confirm_title">El teléfono se apagará.</string>
  <string name="shutdown_progress">Apagando…</string>
  <string name="sim_added_reboot_confirm">Reiniciar</string>
  <string name="sim_added_reboot_title">La tarjeta SIM se activará después de que se reinicie el dispositivo.</string>
  <string name="slight_cold">Fresco</string>
  <string name="slight_heat">Cálido</string>
  <string name="softap_notifif_summary">%d conectado</string>
  <string name="softap_notifif_title">Punto de acceso \"%s\" activado</string>
  <string name="solar_calendar">Calendario Solar</string>
  <string name="spring_begins">Inicio de la Primavera</string>
  <string name="stopping_the_heat">Fin del calor</string>
  <string name="summer_begins">Inicio del Verano</string>
  <string name="summer_solstice">Solsticio de Verano</string>
  <string name="teachers_day">Día del Profesor</string>
  <string name="the_armys_day">Día de las Fuerzas Armadas</string>
  <string name="the_double_ninth_festival">Festival Chung Yeung</string>
  <string name="the_dragon_boat_festival">Festival del Barco Dragón</string>
  <string name="the_first_weekday_after_christmas">Primer día de la semana después de Navidad</string>
  <string name="the_laba_rice_porridge_festival">Día de las Luces</string>
  <string name="the_mid_autumn_festival">Festival de Medio-Otoño</string>
  <string name="the_rains">Lluvias</string>
  <string name="the_spring_festival">Festival de Verano</string>
  <string name="tw_childrens_day">Día del Niño</string>
  <string name="tw_youth_day">Día de la Juventud</string>
  <string name="united_nations_day">Día de las Naciones Unidas</string>
  <string name="unknown_caller">Número desconocido</string>
  <string name="valentines_day">Día de San Valentín</string>
  <string name="vernal_equinox">Equinoccio de Primavera</string>
  <string name="white_dews">Torres</string>
  <string name="winter_begins">Inicio del Invierno</string>
  <string name="winter_solstice">Solsticio de Invierno</string>
  <string name="yellow_page_module_sms_sent">Mensaje de texto enviado</string>
  <string name="yellow_page_sms_disabled_in_privacy_mode">"No se pueden enviar mensajes en modo Invitado"</string>
  <string name="yellow_page_sms_send_failed">"No se pudo enviar el SMS"</string>
  <string name="yellow_page_sms_sending">Enviando…</string>
  <string name="yellow_page_unable_send_sms">"No se puede enviar el SMS"</string>
</resources>
