<?xml version="1.0" encoding="UTF-8"?>
<foo:Foo xmlns:foo="http://example.com/foo#" xmlns:ds="http://www.w3.org/2000/09/xmldsig#" xmlns:ec="http://www.w3.org/2001/10/xml-exc-c14n#" ID="foo">
  <ds:Signature>
    <ds:SignedInfo>
      <ds:CanonicalizationMethod Algorithm="http://www.w3.org/2001/10/xml-exc-c14n#"/>
      <ds:SignatureMethod Algorithm="http://www.w3.org/2001/04/xmldsig-more#rsa-sha256"/>
      <ds:Reference URI="#foo">
        <ds:Transforms>
          <ds:Transform Algorithm="http://www.w3.org/2000/09/xmldsig#enveloped-signature"/>
          <ds:Transform Algorithm="http://www.w3.org/2001/10/xml-exc-c14n#">
            <ec:InclusiveNamespaces PrefixList="foo"/>
          </ds:Transform>
        </ds:Transforms>
        <ds:DigestMethod Algorithm="http://www.w3.org/2001/04/xmlenc#sha256"/>
        <ds:DigestValue>Uxo8ZyDAavNIsXjJZAp1K8T30aXSXrXMUYof7ZHVwQk=</ds:DigestValue>
      </ds:Reference>
    </ds:SignedInfo>
    <ds:SignatureValue>NggRouxW4kOlLalQuu32YB3RMm92qXbLjZlRpyZiCjKl/WGVfkFbzZwH6frn
bSnQWA2Nmof5Rb28D5hFRZP8kd2Bs5AzjuiHP0XeCOX1WRo8YQDMuhns8Nn8
7ouSojTb206NG9c0yHdRlmCQSQlV/rCLSBOj1BTT1oEQjBlxJM0=</ds:SignatureValue>
    <foo:Bar>bar</foo:Bar>
  </ds:Signature>
  <foo:Bar>bar</foo:Bar>
</foo:Foo>
