<?xml version="1.0"?>
<!DOCTYPE PubmedArticleSet PUBLIC "-//NLM//DTD PubMedArticle, 1st January 2014//EN" "http://www.ncbi.nlm.nih.gov/corehtml/query/DTD/pubmed_140101.dtd">
<PubmedArticleSet foo="bar" baz="qux">

<PubmedArticle>
    <MedlineCitation Owner="NLM" Status="MEDLINE">
        <PMID Version="1">24531174</PMID>
        <DateCreated>
            <Year>2014</Year>
            <Month>02</Month>
            <Day>17</Day>
        </DateCreated>
        <DateCompleted>
            <Year>2014</Year>
            <Month>04</Month>
            <Day>01</Day>
        </DateCompleted>
        <Article PubModel="Print-Electronic">
            <Journal>
                <ISSN IssnType="Print">1121-7138</ISSN>
                <JournalIssue CitedMedium="Print">
                    <Volume>37</Volume>
                    <Issue>1</Issue>
                    <PubDate>
                        <Year>2014</Year>
                        <Month>Jan</Month>
                    </PubDate>
                </JournalIssue>
                <Title>The new microbiologica</Title>
                <ISOAbbreviation>New Microbiol.</ISOAbbreviation>
            </Journal>
            <ArticleTitle>High prevalence of streptococcal or Epstein-Barr virus infections in children with acute non-septic monoarthritis.</ArticleTitle>
            <Pagination>
                <MedlinePgn>81-6</MedlinePgn>
            </Pagination>
            <Abstract>
                <AbstractText>To investigate associations between infections and acute monoarthritis, we performed a prospective study on 32 children consecutively hospitalized and 32 age-matched controls. Among 26 (81%) children having infections, the most frequent agents were Group A ?-hemolytic Streptococcus (GAS: 53%) and Epstein-Barr virus (EBV: 37.5%). Among controls, only 5 (16%) were infected with GAS and 2 (6%) with EBV (P&lt;0.005). The most frequently involved joints were hip in 15 children and ankle in 10 children. Our study showed that acute monoarthritis in children may be frequently associated with streptococcal or EBV infections.</AbstractText>
            </Abstract>
            <AuthorList CompleteYN="Y">
                <Author ValidYN="Y">
                    <LastName>Di Loreto</LastName>
                    <ForeName>Simona</ForeName>
                    <Initials>S</Initials>
                    <Affiliation>Pediatric Unit and School, University of L'Aquila, San Salvatore Hospital, L'Aquila, Italy.</Affiliation>
                </Author>
                <Author ValidYN="Y">
                    <LastName>Fabiano</LastName>
                    <ForeName>Cecilia</ForeName>
                    <Initials>C</Initials>
                </Author>
                <Author ValidYN="Y">
                    <LastName>Nigro</LastName>
                    <ForeName>Giovanni</ForeName>
                    <Initials>G</Initials>
                </Author>
            </AuthorList>
            <Language>eng</Language>
            <PublicationTypeList>
                <PublicationType>Journal Article</PublicationType>
            </PublicationTypeList>
            <ArticleDate DateType="Electronic">
                <Year>2014</Year>
                <Month>01</Month>
                <Day>15</Day>
            </ArticleDate>
        </Article>
        <MedlineJournalInfo>
            <Country>Italy</Country>
            <MedlineTA>New Microbiol</MedlineTA>
            <NlmUniqueID>9516291</NlmUniqueID>
            <ISSNLinking>1121-7138</ISSNLinking>
        </MedlineJournalInfo>
        <CitationSubset>IM</CitationSubset>
        <MeshHeadingList>
            <MeshHeading>
                <DescriptorName MajorTopicYN="N">Arthritis, Juvenile</DescriptorName>
                <QualifierName MajorTopicYN="N">epidemiology</QualifierName>
                <QualifierName MajorTopicYN="Y">microbiology</QualifierName>
                <QualifierName MajorTopicYN="Y">virology</QualifierName>
            </MeshHeading>
            <MeshHeading>
                <DescriptorName MajorTopicYN="N">Child</DescriptorName>
            </MeshHeading>
            <MeshHeading>
                <DescriptorName MajorTopicYN="N">Child, Preschool</DescriptorName>
            </MeshHeading>
            <MeshHeading>
                <DescriptorName MajorTopicYN="N">Epstein-Barr Virus Infections</DescriptorName>
                <QualifierName MajorTopicYN="Y">epidemiology</QualifierName>
                <QualifierName MajorTopicYN="N">virology</QualifierName>
            </MeshHeading>
            <MeshHeading>
                <DescriptorName MajorTopicYN="N">Female</DescriptorName>
            </MeshHeading>
            <MeshHeading>
                <DescriptorName MajorTopicYN="N">Herpesvirus 4, Human</DescriptorName>
                <QualifierName MajorTopicYN="N">genetics</QualifierName>
                <QualifierName MajorTopicYN="Y">isolation &amp; purification</QualifierName>
            </MeshHeading>
            <MeshHeading>
                <DescriptorName MajorTopicYN="N">Humans</DescriptorName>
            </MeshHeading>
            <MeshHeading>
                <DescriptorName MajorTopicYN="N">Infant</DescriptorName>
            </MeshHeading>
            <MeshHeading>
                <DescriptorName MajorTopicYN="N" Type="Geographic">Italy</DescriptorName>
                <QualifierName MajorTopicYN="N">epidemiology</QualifierName>
            </MeshHeading>
            <MeshHeading>
                <DescriptorName MajorTopicYN="N">Male</DescriptorName>
            </MeshHeading>
            <MeshHeading>
                <DescriptorName MajorTopicYN="N">Prevalence</DescriptorName>
            </MeshHeading>
            <MeshHeading>
                <DescriptorName MajorTopicYN="N">Streptococcal Infections</DescriptorName>
                <QualifierName MajorTopicYN="Y">epidemiology</QualifierName>
                <QualifierName MajorTopicYN="N">microbiology</QualifierName>
            </MeshHeading>
            <MeshHeading>
                <DescriptorName MajorTopicYN="N">Streptococcus pyogenes</DescriptorName>
                <QualifierName MajorTopicYN="N">genetics</QualifierName>
                <QualifierName MajorTopicYN="Y">isolation &amp; purification</QualifierName>
            </MeshHeading>
        </MeshHeadingList>
    </MedlineCitation>
    <PubmedData>
        <History>
            <PubMedPubDate PubStatus="received">
                <Year>2013</Year>
                <Month>7</Month>
                <Day>16</Day>
            </PubMedPubDate>
            <PubMedPubDate PubStatus="accepted">
                <Year>2013</Year>
                <Month>9</Month>
                <Day>19</Day>
            </PubMedPubDate>
            <PubMedPubDate PubStatus="aheadofprint">
                <Year>2014</Year>
                <Month>1</Month>
                <Day>15</Day>
            </PubMedPubDate>
            <PubMedPubDate PubStatus="entrez">
                <Year>2014</Year>
                <Month>2</Month>
                <Day>18</Day>
                <Hour>6</Hour>
                <Minute>0</Minute>
            </PubMedPubDate>
            <PubMedPubDate PubStatus="pubmed">
                <Year>2014</Year>
                <Month>2</Month>
                <Day>18</Day>
                <Hour>6</Hour>
                <Minute>0</Minute>
            </PubMedPubDate>
            <PubMedPubDate PubStatus="medline">
                <Year>2014</Year>
                <Month>4</Month>
                <Day>2</Day>
                <Hour>6</Hour>
                <Minute>0</Minute>
            </PubMedPubDate>
        </History>
        <PublicationStatus>ppublish</PublicationStatus>
        <ArticleIdList>
            <ArticleId IdType="pubmed">24531174</ArticleId>
        </ArticleIdList>
    </PubmedData>
</PubmedArticle>


<PubmedArticle>
    <MedlineCitation Owner="NLM" Status="MEDLINE">
        <PMID Version="1">24529294</PMID>
        <DateCreated>
            <Year>2014</Year>
            <Month>02</Month>
            <Day>24</Day>
        </DateCreated>
        <DateCompleted>
            <Year>2014</Year>
            <Month>04</Month>
            <Day>08</Day>
        </DateCompleted>
        <Article PubModel="Print-Electronic">
            <Journal>
                <ISSN IssnType="Print">0392-856X</ISSN>
                <JournalIssue CitedMedium="Print">
                    <Volume>32</Volume>
                    <Issue>1 Suppl 80</Issue>
                    <PubDate>
                        <MedlineDate>2014 Jan-Feb</MedlineDate>
                    </PubDate>
                </JournalIssue>
                <Title>Clinical and experimental rheumatology</Title>
                <ISOAbbreviation>Clin. Exp. Rheumatol.</ISOAbbreviation>
            </Journal>
            <ArticleTitle>Ultrasound imaging in juvenile idiopathic arthritis for the rheumatologist.</ArticleTitle>
            <Pagination>
                <MedlinePgn>S34-41</MedlinePgn>
            </Pagination>
            <Abstract>
                <AbstractText>The present review provides an update of the currently available data and discusses research issues of US imaging in juvenile idiopathic arthritis (JIA). This review also includes a brief description of the normal sonoanatomy of healthy joints in children in order to avoid misinterpretation. Musculoskeletal ultrasound (US) is a quick, inexpensive, bedside method for evaluating children with no need for anaesthesiological support. Until now, the major objective in the application of US in children is to improve clinical diagnosis and patient care in daily practice. Articular disorders in children affect the epiphyseal cartilage leading to alterations in maturation and growth. US imaging allows distinguishing between synovitis and joint cartilage as well as between articular and peri-articular structures. Currently the principal applications for using US in patients with JIA include: detection of synovitis, tenosynovitis, enthesitis and cartilage and bone abnormalities. US is also used to guide needle injection. To date, the role of US in therapy monitoring has not been fully established. Future topics for study include: establishing international definitions (Bmode and Doppler) for joint components in healthy children and for US findings in JIA patients, consensus on scanning protocols and scoring systems, evaluation of the role of US with power Doppler in the assessment of the real state of disease (activity/remission) and developing a specific training programme for paediatric rheumatologists performing US in patients with JIA.</AbstractText>
            </Abstract>
            <AuthorList CompleteYN="Y">
                <Author ValidYN="Y">
                    <LastName>Collado Ramos</LastName>
                    <ForeName>Paz</ForeName>
                    <Initials>P</Initials>
                    <Affiliation>Department of Rheumatology/Paediatric Rheumatology Unit, Hospital Universitario Severo Ochoa, Madrid, Spain. paxcollado@yahoo.es.</Affiliation>
                </Author>
            </AuthorList>
            <Language>eng</Language>
            <PublicationTypeList>
                <PublicationType>Journal Article</PublicationType>
                <PublicationType>Review</PublicationType>
            </PublicationTypeList>
            <ArticleDate DateType="Electronic">
                <Year>2014</Year>
                <Month>02</Month>
                <Day>17</Day>
            </ArticleDate>
        </Article>
        <MedlineJournalInfo>
            <Country>Italy</Country>
            <MedlineTA>Clin Exp Rheumatol</MedlineTA>
            <NlmUniqueID>8308521</NlmUniqueID>
            <ISSNLinking>0392-856X</ISSNLinking>
        </MedlineJournalInfo>
        <ChemicalList>
            <Chemical>
                <RegistryNumber>0</RegistryNumber>
                <NameOfSubstance>Antirheumatic Agents</NameOfSubstance>
            </Chemical>
        </ChemicalList>
        <CitationSubset>IM</CitationSubset>
        <MeshHeadingList>
            <MeshHeading>
                <DescriptorName MajorTopicYN="N">Antirheumatic Agents</DescriptorName>
                <QualifierName MajorTopicYN="N">therapeutic use</QualifierName>
            </MeshHeading>
            <MeshHeading>
                <DescriptorName MajorTopicYN="N">Arthritis, Juvenile</DescriptorName>
                <QualifierName MajorTopicYN="N">drug therapy</QualifierName>
                <QualifierName MajorTopicYN="Y">ultrasonography</QualifierName>
            </MeshHeading>
            <MeshHeading>
                <DescriptorName MajorTopicYN="N">Child</DescriptorName>
            </MeshHeading>
            <MeshHeading>
                <DescriptorName MajorTopicYN="N">Child, Preschool</DescriptorName>
            </MeshHeading>
            <MeshHeading>
                <DescriptorName MajorTopicYN="N">Humans</DescriptorName>
            </MeshHeading>
            <MeshHeading>
                <DescriptorName MajorTopicYN="N">Joints</DescriptorName>
                <QualifierName MajorTopicYN="N">drug effects</QualifierName>
                <QualifierName MajorTopicYN="Y">ultrasonography</QualifierName>
            </MeshHeading>
            <MeshHeading>
                <DescriptorName MajorTopicYN="N">Predictive Value of Tests</DescriptorName>
            </MeshHeading>
            <MeshHeading>
                <DescriptorName MajorTopicYN="N">Remission Induction</DescriptorName>
            </MeshHeading>
            <MeshHeading>
                <DescriptorName MajorTopicYN="N">Rheumatology</DescriptorName>
                <QualifierName MajorTopicYN="Y">methods</QualifierName>
            </MeshHeading>
            <MeshHeading>
                <DescriptorName MajorTopicYN="N">Severity of Illness Index</DescriptorName>
            </MeshHeading>
            <MeshHeading>
                <DescriptorName MajorTopicYN="N">Treatment Outcome</DescriptorName>
            </MeshHeading>
            <MeshHeading>
                <DescriptorName MajorTopicYN="Y">Ultrasonography, Doppler</DescriptorName>
            </MeshHeading>
            <MeshHeading>
                <DescriptorName MajorTopicYN="N">Ultrasonography, Doppler, Color</DescriptorName>
            </MeshHeading>
            <MeshHeading>
                <DescriptorName MajorTopicYN="N">Ultrasonography, Interventional</DescriptorName>
            </MeshHeading>
        </MeshHeadingList>
    </MedlineCitation>
    <PubmedData>
        <History>
            <PubMedPubDate PubStatus="received">
                <Year>2013</Year>
                <Month>7</Month>
                <Day>30</Day>
            </PubMedPubDate>
            <PubMedPubDate PubStatus="accepted">
                <Year>2013</Year>
                <Month>11</Month>
                <Day>18</Day>
            </PubMedPubDate>
            <PubMedPubDate PubStatus="aheadofprint">
                <Year>2014</Year>
                <Month>2</Month>
                <Day>17</Day>
            </PubMedPubDate>
            <PubMedPubDate PubStatus="entrez">
                <Year>2014</Year>
                <Month>2</Month>
                <Day>18</Day>
                <Hour>6</Hour>
                <Minute>0</Minute>
            </PubMedPubDate>
            <PubMedPubDate PubStatus="pubmed">
                <Year>2014</Year>
                <Month>2</Month>
                <Day>18</Day>
                <Hour>6</Hour>
                <Minute>0</Minute>
            </PubMedPubDate>
            <PubMedPubDate PubStatus="medline">
                <Year>2014</Year>
                <Month>4</Month>
                <Day>9</Day>
                <Hour>6</Hour>
                <Minute>0</Minute>
            </PubMedPubDate>
        </History>
        <PublicationStatus>ppublish</PublicationStatus>
        <ArticleIdList>
            <ArticleId IdType="pii">7428</ArticleId>
            <ArticleId IdType="pubmed">24529294</ArticleId>
        </ArticleIdList>
    </PubmedData>
</PubmedArticle>


<PubmedArticle>
    <MedlineCitation Owner="NLM" Status="MEDLINE">
        <PMID Version="1">24449586</PMID>
        <DateCreated>
            <Year>2014</Year>
            <Month>01</Month>
            <Day>22</Day>
        </DateCreated>
        <DateCompleted>
            <Year>2014</Year>
            <Month>03</Month>
            <Day>18</Day>
        </DateCompleted>
        <DateRevised>
            <Year>2014</Year>
            <Month>03</Month>
            <Day>31</Day>
        </DateRevised>
        <Article PubModel="Print">
            <Journal>
                <ISSN IssnType="Electronic">2326-5205</ISSN>
                <JournalIssue CitedMedium="Internet">
                    <Volume>66</Volume>
                    <Issue>1</Issue>
                    <PubDate>
                        <Year>2014</Year>
                        <Month>Jan</Month>
                    </PubDate>
                </JournalIssue>
                <Title>Arthritis &amp; rheumatology (Hoboken, N.J.)</Title>
            </Journal>
            <ArticleTitle>Detection of enthesitis in children with enthesitis-related arthritis: dolorimetry compared to ultrasonography.</ArticleTitle>
            <Pagination>
                <MedlinePgn>218-27</MedlinePgn>
            </Pagination>
            <ELocationID EIdType="doi" ValidYN="Y">10.1002/art.38197</ELocationID>
            <Abstract>
                <AbstractText Label="OBJECTIVE" NlmCategory="OBJECTIVE">To evaluate the distribution of enthesitis and the accuracy of physical examination with a dolorimeter for the detection of enthesitis in children, using ultrasound (US) assessment as the reference standard.</AbstractText>
                <AbstractText Label="METHODS" NlmCategory="METHODS">We performed a prospective cross-sectional study of 30 patients with enthesitis-related arthritis (ERA) and 30 control subjects. The following tendon insertion sites were assessed by standardized physical examination with a dolorimeter and US: common extensor on the lateral humeral epicondyle, common flexor on the medial humeral epicondyle, quadriceps at the superior patella, patellar ligament at the inferior patella, Achilles, and plantar fascia at the calcaneus.</AbstractText>
                <AbstractText Label="RESULTS" NlmCategory="RESULTS">Abnormal findings on US were detected most commonly at the insertion of the quadriceps (30% [18 of 60 sites]), common extensor (12% [7 of 60]), and Achilles (10% [6 of 60]) tendons. The intrarater reliability of US (kappa statistic) was 0.78 (95% confidence interval [95% CI] 0.63-0.93), and the interrater reliability was 0.81 (95% CI 0.67-0.95). Tenderness as detected by standardized dolorimeter examination had poor positive predictive value for US-confirmed enthesitis. In comparison to controls, patients with ERA reported more pain and had lower pain thresholds at every site, including control sites (P &lt; 0.001 for all comparisons). The interrater reliability of dolorimeter examination for detection of enthesitis was low (κ = 0.49 [95% CI 0.33-0.65]).</AbstractText>
                <AbstractText Label="CONCLUSION" NlmCategory="CONCLUSIONS">Compared to US, standardized dolorimeter examination for the detection of enthesitis in children has poor accuracy and reliability. The decreased pain threshold of ERA patients likely contributed to the limited accuracy of the physical examination findings. Further research regarding the utility of US for identifying enthesitis at diagnosis of juvenile idiopathic arthritis, accurately predicting disease progression, and guiding therapeutic decisions is warranted.</AbstractText>
                <CopyrightInformation>Copyright © 2014 by the American College of Rheumatology.</CopyrightInformation>
            </Abstract>
            <AuthorList CompleteYN="Y">
                <Author ValidYN="Y">
                    <LastName>Weiss</LastName>
                    <ForeName>Pamela F</ForeName>
                    <Initials>PF</Initials>
                    <Affiliation>Children's Hospital of Philadelphia, Philadelphia, Pennsylvania.</Affiliation>
                </Author>
                <Author ValidYN="Y">
                    <LastName>Chauvin</LastName>
                    <ForeName>Nancy A</ForeName>
                    <Initials>NA</Initials>
                </Author>
                <Author ValidYN="Y">
                    <LastName>Klink</LastName>
                    <ForeName>Andrew J</ForeName>
                    <Initials>AJ</Initials>
                </Author>
                <Author ValidYN="Y">
                    <LastName>Localio</LastName>
                    <ForeName>Russell</ForeName>
                    <Initials>R</Initials>
                </Author>
                <Author ValidYN="Y">
                    <LastName>Feudtner</LastName>
                    <ForeName>Chris</ForeName>
                    <Initials>C</Initials>
                </Author>
                <Author ValidYN="Y">
                    <LastName>Jaramillo</LastName>
                    <ForeName>Diego</ForeName>
                    <Initials>D</Initials>
                </Author>
                <Author ValidYN="Y">
                    <LastName>Colbert</LastName>
                    <ForeName>Robert A</ForeName>
                    <Initials>RA</Initials>
                </Author>
                <Author ValidYN="Y">
                    <LastName>Sherry</LastName>
                    <ForeName>David D</ForeName>
                    <Initials>DD</Initials>
                </Author>
                <Author ValidYN="Y">
                    <LastName>Keren</LastName>
                    <ForeName>Ron</ForeName>
                    <Initials>R</Initials>
                </Author>
            </AuthorList>
            <Language>eng</Language>
            <GrantList CompleteYN="Y">
                <Grant>
                    <GrantID>1-K23-AR059749-01A1</GrantID>
                    <Acronym>AR</Acronym>
                    <Agency>NIAMS NIH HHS</Agency>
                    <Country>United States</Country>
                </Grant>
                <Grant>
                    <GrantID>Z01-AR-041184</GrantID>
                    <Acronym>AR</Acronym>
                    <Agency>NIAMS NIH HHS</Agency>
                    <Country>United States</Country>
                </Grant>
            </GrantList>
            <PublicationTypeList>
                <PublicationType>Journal Article</PublicationType>
                <PublicationType>Research Support, N.I.H., Extramural</PublicationType>
                <PublicationType>Research Support, Non-U.S. Gov't</PublicationType>
            </PublicationTypeList>
        </Article>
        <MedlineJournalInfo>
            <Country>United States</Country>
            <MedlineTA>Arthritis Rheumatol</MedlineTA>
            <NlmUniqueID>101623795</NlmUniqueID>
        </MedlineJournalInfo>
        <CitationSubset>AIM</CitationSubset>
        <CitationSubset>IM</CitationSubset>
        <MeshHeadingList>
            <MeshHeading>
                <DescriptorName MajorTopicYN="N">Adolescent</DescriptorName>
            </MeshHeading>
            <MeshHeading>
                <DescriptorName MajorTopicYN="N">Arthritis, Juvenile</DescriptorName>
                <QualifierName MajorTopicYN="Y">diagnosis</QualifierName>
            </MeshHeading>
            <MeshHeading>
                <DescriptorName MajorTopicYN="N">Case-Control Studies</DescriptorName>
            </MeshHeading>
            <MeshHeading>
                <DescriptorName MajorTopicYN="N">Child</DescriptorName>
            </MeshHeading>
            <MeshHeading>
                <DescriptorName MajorTopicYN="N">Child, Preschool</DescriptorName>
            </MeshHeading>
            <MeshHeading>
                <DescriptorName MajorTopicYN="N">Cross-Sectional Studies</DescriptorName>
            </MeshHeading>
            <MeshHeading>
                <DescriptorName MajorTopicYN="N">Female</DescriptorName>
            </MeshHeading>
            <MeshHeading>
                <DescriptorName MajorTopicYN="N">Humans</DescriptorName>
            </MeshHeading>
            <MeshHeading>
                <DescriptorName MajorTopicYN="N">Joint Capsule</DescriptorName>
                <QualifierName MajorTopicYN="Y">ultrasonography</QualifierName>
            </MeshHeading>
            <MeshHeading>
                <DescriptorName MajorTopicYN="N">Male</DescriptorName>
            </MeshHeading>
            <MeshHeading>
                <DescriptorName MajorTopicYN="N">Pain Measurement</DescriptorName>
                <QualifierName MajorTopicYN="Y">methods</QualifierName>
            </MeshHeading>
            <MeshHeading>
                <DescriptorName MajorTopicYN="Y">Pain Threshold</DescriptorName>
            </MeshHeading>
            <MeshHeading>
                <DescriptorName MajorTopicYN="N">Prospective Studies</DescriptorName>
            </MeshHeading>
            <MeshHeading>
                <DescriptorName MajorTopicYN="N">Reproducibility of Results</DescriptorName>
            </MeshHeading>
            <MeshHeading>
                <DescriptorName MajorTopicYN="N">Sensitivity and Specificity</DescriptorName>
            </MeshHeading>
            <MeshHeading>
                <DescriptorName MajorTopicYN="N">Severity of Illness Index</DescriptorName>
            </MeshHeading>
            <MeshHeading>
                <DescriptorName MajorTopicYN="N">Tendons</DescriptorName>
                <QualifierName MajorTopicYN="Y">ultrasonography</QualifierName>
            </MeshHeading>
        </MeshHeadingList>
        <OtherID Source="NLM">NIHMS553631 [Available on 01/01/15]</OtherID>
        <OtherID Source="NLM">PMC3964147 [Available on 01/01/15]</OtherID>
    </MedlineCitation>
    <PubmedData>
        <History>
            <PubMedPubDate PubStatus="received">
                <Year>2013</Year>
                <Month>6</Month>
                <Day>20</Day>
            </PubMedPubDate>
            <PubMedPubDate PubStatus="accepted">
                <Year>2013</Year>
                <Month>9</Month>
                <Day>10</Day>
            </PubMedPubDate>
            <PubMedPubDate PubStatus="entrez">
                <Year>2014</Year>
                <Month>1</Month>
                <Day>23</Day>
                <Hour>6</Hour>
                <Minute>0</Minute>
            </PubMedPubDate>
            <PubMedPubDate PubStatus="pubmed">
                <Year>2014</Year>
                <Month>1</Month>
                <Day>23</Day>
                <Hour>6</Hour>
                <Minute>0</Minute>
            </PubMedPubDate>
            <PubMedPubDate PubStatus="medline">
                <Year>2014</Year>
                <Month>3</Month>
                <Day>19</Day>
                <Hour>6</Hour>
                <Minute>0</Minute>
            </PubMedPubDate>
            <PubMedPubDate PubStatus="pmc-release">
                <Year>2015</Year>
                <Month>1</Month>
                <Day>1</Day>
                <Hour>0</Hour>
                <Minute>0</Minute>
            </PubMedPubDate>
        </History>
        <PublicationStatus>ppublish</PublicationStatus>
        <ArticleIdList>
            <ArticleId IdType="doi">10.1002/art.38197</ArticleId>
            <ArticleId IdType="pubmed">24449586</ArticleId>
            <ArticleId IdType="pmc">PMC3964147</ArticleId>
            <ArticleId IdType="mid">NIHMS553631</ArticleId>
        </ArticleIdList>
    </PubmedData>
</PubmedArticle>
</PubmedArticleSet>
