<?xml version="1.0"?>
<Data><Image><Attachment Name="PreviewMarker" Application="LAS AF" IsPreviewImage="0"/><ImageDescription><Channels><ChannelDescription DataType="0" ChannelTag="0" Resolution="8" NameOfMeasuredQuantity="" Min="0.000000e+000" Max="2.550000e+002" Unit="" LUTName="Cyan" IsLUTInverted="0" BytesInc="0" BitInc="0"></ChannelDescription></Channels><Dimensions><DimensionDescription DimID="1" NumberOfElements="256" Origin="-4.619353e-010" Length="3.875000e-004" Unit="m" BitInc="0" BytesInc="1"></DimensionDescription><DimensionDescription DimID="2" NumberOfElements="256" Origin="-4.619353e-010" Length="3.875000e-004" Unit="m" BitInc="0" BytesInc="256"></DimensionDescription></Dimensions></ImageDescription><Attachment Name="HardwareSettingList" Application="LAS AF"><HardwareSetting Name="default"><ScannerSetting><ScannerSettingRecord Identifier="SystemType" Unit="" Description="System Type" Data="0" Variant="TCS SP5" VariantType="8"/><ScannerSettingRecord Identifier="bAFUseFixSliceNumber" Unit="" Description="" Data="0" Variant="0" VariantType="3"/><ScannerSettingRecord Identifier="bAdaptiveFocusControlActive" Unit="" Description="" Data="0" Variant="0" VariantType="3"/><ScannerSettingRecord Identifier="bEnableRoiScan" Unit="" Description="RoiScan" Data="0" Variant="0" VariantType="17"/><ScannerSettingRecord Identifier="bIs3DLimitedRoiScanEnable" Unit="" Description="Is 3D limited ROI scan enable" Data="0" Variant="0" VariantType="17"/><ScannerSettingRecord Identifier="bIsSequential" Unit="" Description="IsSequential" Data="0" Variant="0" VariantType="11"/><ScannerSettingRecord Identifier="bIsSeriesScanAutofocusActive" Unit="" Description="" Data="0" Variant="0" VariantType="3"/><ScannerSettingRecord Identifier="bSecondCrystal" Unit="" Description="" Data="0" Variant="1" VariantType="17"/><ScannerSettingRecord Identifier="bStepSizeConstant" Unit="" Description="StepSize Constant" Data="0" Variant="1" VariantType="17"/><ScannerSettingRecord Identifier="bStepSizerActivated" Unit="" Description="" Data="0" Variant="0" VariantType="17"/><ScannerSettingRecord Identifier="bUseChaserUVShutter" Unit="" Description="ChaserUV Shutter" Data="0" Variant="0" VariantType="17"/><ScannerSettingRecord Identifier="bUseMPShutter" Unit="" Description="MP Shutter" Data="0" Variant="1" VariantType="17"/><ScannerSettingRecord Identifier="bUseVisibleShutter" Unit="" Description="Visible Shutter" Data="0" Variant="0" VariantType="17"/><ScannerSettingRecord Identifier="bValidBegin" Unit="" Description="" Data="0" Variant="0" VariantType="17"/><ScannerSettingRecord Identifier="bValidEnd" Unit="" Description="" Data="0" Variant="0" VariantType="17"/><ScannerSettingRecord Identifier="csLutName00" Unit="" Description="B:0.000000e+000 W:1.000000e+000 G:1.000000e+000" Data="1" Variant="Green" VariantType="8"/><ScannerSettingRecord Identifier="csLutName01" Unit="" Description="B:0.000000e+000 W:1.000000e+000 G:1.000000e+000" Data="2" Variant="Red" VariantType="8"/><ScannerSettingRecord Identifier="csLutName02" Unit="" Description="B:0.000000e+000 W:1.000000e+000 G:1.000000e+000" Data="3" Variant="Blue" VariantType="8"/><ScannerSettingRecord Identifier="csLutName03" Unit="" Description="B:0.000000e+000 W:1.000000e+000 G:1.000000e+000" Data="100" Variant="Gray" VariantType="8"/><ScannerSettingRecord Identifier="csLutName04" Unit="" Description="B:0.000000e+000 W:1.000000e+000 G:1.000000e+000" Data="1200" Variant="Cyan" VariantType="8"/><ScannerSettingRecord Identifier="csLutName05" Unit="" Description="B:0.000000e+000 W:1.000000e+000 G:1.000000e+000" Data="1201" Variant="Magenta" VariantType="8"/><ScannerSettingRecord Identifier="csScanMode" Unit="" Description="ScanMode" Data="0" Variant="xyz" VariantType="8"/><ScannerSettingRecord Identifier="dAdaptiveFocusControlAutonomousOffset" Unit="" Description="" Data="0" Variant="-2" VariantType="5"/><ScannerSettingRecord Identifier="dblAFCOffset" Unit="" Description="" Data="0" Variant="-2" VariantType="5"/><ScannerSettingRecord Identifier="dblAFFocusRange" Unit="" Description="" Data="0" Variant="0.00008" VariantType="5"/><ScannerSettingRecord Identifier="dblPinhole" Unit="" Description="Pinhole [m]" Data="0" Variant="6.00000028498471E-04" VariantType="5"/><ScannerSettingRecord Identifier="dblPinholeAiry" Unit="" Description="Pinhole [airy]" Data="0" Variant="5.29960454793025" VariantType="5"/><ScannerSettingRecord Identifier="dblSizeX" Unit="m" Description="Size-Width" Data="0" Variant="0.0003875" VariantType="5"/><ScannerSettingRecord Identifier="dblSizeY" Unit="m" Description="Size-Height" Data="0" Variant="0.0003875" VariantType="5"/><ScannerSettingRecord Identifier="dblSizeZ" Unit="" Description="Size-Depth" Data="0" Variant="0" VariantType="5"/><ScannerSettingRecord Identifier="dblStepSize" Unit="m" Description="StepSize" Data="0" Variant="0" VariantType="5"/><ScannerSettingRecord Identifier="dblVoxelX" Unit="m" Description="Voxel-Width" Data="0" Variant="1.51960784313725E-06" VariantType="5"/><ScannerSettingRecord Identifier="dblVoxelY" Unit="m" Description="Voxel-Height" Data="0" Variant="1.51960784313725E-06" VariantType="5"/><ScannerSettingRecord Identifier="dblVoxelZ" Unit="" Description="Voxel-Depth" Data="0" Variant="0" VariantType="5"/><ScannerSettingRecord Identifier="dblZoom" Unit="" Description="Zoom" Data="0" Variant="1" VariantType="5"/><ScannerSettingRecord Identifier="dwChannelMask" Unit="" Description="" Data="0" Variant="16777216" VariantType="3"/><ScannerSettingRecord Identifier="dwLogiChMask" Unit="" Description="" Data="0" Variant="16" VariantType="3"/><ScannerSettingRecord Identifier="eAFAnalyseType" Unit="" Description="" Data="0" Variant="1" VariantType="3"/><ScannerSettingRecord Identifier="eAFSubsystem" Unit="" Description="" Data="0" Variant="0" VariantType="3"/><ScannerSettingRecord Identifier="eAFWorkflowTimelapse" Unit="" Description="" Data="0" Variant="2" VariantType="3"/><ScannerSettingRecord Identifier="eAFWorkflowXY" Unit="" Description="" Data="0" Variant="2" VariantType="3"/><ScannerSettingRecord Identifier="eAFZUseMode" Unit="" Description="" Data="0" Variant="1" VariantType="3"/><ScannerSettingRecord Identifier="eAOBSIntensityLow_World488" Unit="" Description="" Data="0" Variant="0" VariantType="5"/><ScannerSettingRecord Identifier="eAOBSIntensity_World488" Unit="" Description="" Data="0" Variant="100" VariantType="5"/><ScannerSettingRecord Identifier="eAOBSMode_488" Unit="" Description="" Data="0" Variant="2" VariantType="3"/><ScannerSettingRecord Identifier="eDataSource" Unit="" Description="" Data="0" Variant="0" VariantType="3"/><ScannerSettingRecord Identifier="eDirectional" Unit="" Description="Scan-Direction" Data="0" Variant="1" VariantType="3"/><ScannerSettingRecord Identifier="eDirectionalY" Unit="" Description="Y-Scan-Direction" Data="0" Variant="1" VariantType="3"/><ScannerSettingRecord Identifier="eSequentialMode" Unit="" Description="SequentialMode" Data="0" Variant="0" VariantType="3"/><ScannerSettingRecord Identifier="eZUseMode" Unit="" Description="" Data="0" Variant="1" VariantType="3"/><ScannerSettingRecord Identifier="m_bConstantIntegrationTimeActive" Unit="" Description="Maximum IntegrationTime Active" Data="0" Variant="0" VariantType="17"/><ScannerSettingRecord Identifier="nAFFixSliceNumber" Unit="" Description="" Data="0" Variant="0" VariantType="3"/><ScannerSettingRecord Identifier="nAFPrecision" Unit="" Description="" Data="0" Variant="2" VariantType="3"/><ScannerSettingRecord Identifier="nAFWorkflowTimelapseIterator" Unit="" Description="" Data="0" Variant="1" VariantType="3"/><ScannerSettingRecord Identifier="nAFWorkflowXYIterator" Unit="" Description="" Data="0" Variant="1" VariantType="3"/><ScannerSettingRecord Identifier="nAOBSConfigs" Unit="" Description="" Data="0" Variant="8" VariantType="3"/><ScannerSettingRecord Identifier="nAccumulation" Unit="" Description="Frame-Accumulation" Data="0" Variant="1" VariantType="3"/><ScannerSettingRecord Identifier="nAverageFrame" Unit="" Description="Frame-Average" Data="0" Variant="1" VariantType="3"/><ScannerSettingRecord Identifier="nAverageLine" Unit="" Description="Line-Average" Data="0" Variant="1" VariantType="3"/><ScannerSettingRecord Identifier="nBegin" Unit="" Description="" Data="0" Variant="0" VariantType="3"/><ScannerSettingRecord Identifier="nBit" Unit="" Description="Resolution" Data="0" Variant="8" VariantType="3"/><ScannerSettingRecord Identifier="nChannels" Unit="" Description="Channels" Data="0" Variant="1" VariantType="3"/><ScannerSettingRecord Identifier="nEnd" Unit="" Description="" Data="0" Variant="0" VariantType="3"/><ScannerSettingRecord Identifier="nFormatInDimension" Unit="" Description="Format-Width" Data="0" Variant="256" VariantType="3"/><ScannerSettingRecord Identifier="nFormatOutDimension" Unit="" Description="Format-Height" Data="0" Variant="256" VariantType="3"/><ScannerSettingRecord Identifier="nLineAccumulation" Unit="" Description="Line-Accumulation" Data="0" Variant="1" VariantType="3"/><ScannerSettingRecord Identifier="nLines" Unit="" Description="" Data="0" Variant="1.00000000000011" VariantType="5"/><ScannerSettingRecord Identifier="nPages" Unit="" Description="" Data="0" Variant="1" VariantType="5"/><ScannerSettingRecord Identifier="nSections" Unit="" Description="Sections" Data="0" Variant="14" VariantType="3"/></ScannerSetting><FilterSetting><FilterSettingRecord ObjectName="AOBS" ClassName="CAotf" Attribute="Intensity" Description="AOBS (0)" Data="0" Variant="100" VariantType="5"/><FilterSettingRecord ObjectName="AOBS" ClassName="CAotf" Attribute="Intensity" Description="AOBS (1)" Data="1" Variant="100" VariantType="5"/><FilterSettingRecord ObjectName="AOBS" ClassName="CAotf" Attribute="Intensity" Description="AOBS (2)" Data="2" Variant="0" VariantType="5"/><FilterSettingRecord ObjectName="AOBS" ClassName="CAotf" Attribute="Intensity" Description="AOBS (3)" Data="3" Variant="0" VariantType="5"/><FilterSettingRecord ObjectName="AOBS" ClassName="CAotf" Attribute="Intensity" Description="AOBS (4)" Data="4" Variant="0" VariantType="5"/><FilterSettingRecord ObjectName="AOBS" ClassName="CAotf" Attribute="Intensity" Description="AOBS (5)" Data="5" Variant="0" VariantType="5"/><FilterSettingRecord ObjectName="AOBS" ClassName="CAotf" Attribute="Intensity" Description="AOBS (6)" Data="6" Variant="0" VariantType="5"/><FilterSettingRecord ObjectName="AOBS" ClassName="CAotf" Attribute="Intensity" Description="AOBS (7)" Data="7" Variant="0" VariantType="5"/><FilterSettingRecord ObjectName="AOBSLow" ClassName="CAotf" Attribute="Intensity" Description="AOBS (0)" Data="0" Variant="0" VariantType="5"/><FilterSettingRecord ObjectName="AOBSLow" ClassName="CAotf" Attribute="Intensity" Description="AOBS (1)" Data="1" Variant="0" VariantType="5"/><FilterSettingRecord ObjectName="AOBSLow" ClassName="CAotf" Attribute="Intensity" Description="AOBS (2)" Data="2" Variant="0" VariantType="5"/><FilterSettingRecord ObjectName="AOBSLow" ClassName="CAotf" Attribute="Intensity" Description="AOBS (3)" Data="3" Variant="0" VariantType="5"/><FilterSettingRecord ObjectName="AOBSLow" ClassName="CAotf" Attribute="Intensity" Description="AOBS (4)" Data="4" Variant="0" VariantType="5"/><FilterSettingRecord ObjectName="AOBSLow" ClassName="CAotf" Attribute="Intensity" Description="AOBS (5)" Data="5" Variant="0" VariantType="5"/><FilterSettingRecord ObjectName="AOBSLow" ClassName="CAotf" Attribute="Intensity" Description="AOBS (6)" Data="6" Variant="0" VariantType="5"/><FilterSettingRecord ObjectName="AOBSLow" ClassName="CAotf" Attribute="Intensity" Description="AOBS (7)" Data="7" Variant="0" VariantType="5"/><FilterSettingRecord ObjectName="MP EOM" ClassName="CAotf" Attribute="Gain" Description="MP Gain" Data="890" Variant="26.9998937639435" VariantType="5"/><FilterSettingRecord ObjectName="MP EOM" ClassName="CAotf" Attribute="Offset" Description="MP Offset" Data="0" Variant="62.9999237048905" VariantType="5"/><FilterSettingRecord ObjectName="MP EOM" ClassName="CAotf" Attribute="ConstantPowerLambdaBegin" Description="Constant Power Lambda Begin" Data="0" Variant="0" VariantType="3"/><FilterSettingRecord ObjectName="MP EOM" ClassName="CAotf" Attribute="ConstantPowerLambdaEnd" Description="Constant Power Lambda End" Data="0" Variant="0" VariantType="3"/><FilterSettingRecord ObjectName="MP EOM" ClassName="CAotf" Attribute="ConstantPowerMode" Description="Constant Power Mode" Data="0" Variant="0" VariantType="3"/><FilterSettingRecord ObjectName="MP EOM" ClassName="CAotf" Attribute="Intensity" Description="EOM (890)" Data="890" Variant="1" VariantType="5"/><FilterSettingRecord ObjectName="MP EOMLow" ClassName="CAotf" Attribute="Intensity" Description="EOM (890)" Data="890" Variant="0" VariantType="5"/><FilterSettingRecord ObjectName="UV Chaser AOTF-1" ClassName="CAotf" Attribute="PulseFrequency" Description="Pulse Freq" Data="0" Variant="40" VariantType="3"/><FilterSettingRecord ObjectName="UV Chaser AOTF-1" ClassName="CAotf" Attribute="Intensity" Description="AOTF (0)" Data="0" Variant="0" VariantType="5"/><FilterSettingRecord ObjectName="UV Chaser AOTF-1Low" ClassName="CAotf" Attribute="Intensity" Description="AOTF (0)" Data="0" Variant="0" VariantType="5"/><FilterSettingRecord ObjectName="Visible AOTF-7" ClassName="CAotf" Attribute="Intensity" Description="AOTF (458)" Data="458" Variant="0" VariantType="5"/><FilterSettingRecord ObjectName="Visible AOTF-7" ClassName="CAotf" Attribute="Intensity" Description="AOTF (476)" Data="476" Variant="0" VariantType="5"/><FilterSettingRecord ObjectName="Visible AOTF-7" ClassName="CAotf" Attribute="Intensity" Description="AOTF (488)" Data="488" Variant="34.9996948055912" VariantType="5"/><FilterSettingRecord ObjectName="Visible AOTF-7" ClassName="CAotf" Attribute="Intensity" Description="AOTF (496)" Data="496" Variant="0" VariantType="5"/><FilterSettingRecord ObjectName="Visible AOTF-7" ClassName="CAotf" Attribute="Intensity" Description="AOTF (514)" Data="514" Variant="0" VariantType="5"/><FilterSettingRecord ObjectName="Visible AOTF-7" ClassName="CAotf" Attribute="Intensity" Description="AOTF (543)" Data="543" Variant="0" VariantType="5"/><FilterSettingRecord ObjectName="Visible AOTF-7" ClassName="CAotf" Attribute="Intensity" Description="AOTF (633)" Data="633" Variant="0" VariantType="5"/><FilterSettingRecord ObjectName="Visible AOTF-7Low" ClassName="CAotf" Attribute="Intensity" Description="AOTF (458)" Data="458" Variant="0" VariantType="5"/><FilterSettingRecord ObjectName="Visible AOTF-7Low" ClassName="CAotf" Attribute="Intensity" Description="AOTF (476)" Data="476" Variant="0" VariantType="5"/><FilterSettingRecord ObjectName="Visible AOTF-7Low" ClassName="CAotf" Attribute="Intensity" Description="AOTF (488)" Data="488" Variant="0" VariantType="5"/><FilterSettingRecord ObjectName="Visible AOTF-7Low" ClassName="CAotf" Attribute="Intensity" Description="AOTF (496)" Data="496" Variant="0" VariantType="5"/><FilterSettingRecord ObjectName="Visible AOTF-7Low" ClassName="CAotf" Attribute="Intensity" Description="AOTF (514)" Data="514" Variant="0" VariantType="5"/><FilterSettingRecord ObjectName="Visible AOTF-7Low" ClassName="CAotf" Attribute="Intensity" Description="AOTF (543)" Data="543" Variant="0" VariantType="5"/><FilterSettingRecord ObjectName="Visible AOTF-7Low" ClassName="CAotf" Attribute="Intensity" Description="AOTF (633)" Data="633" Variant="0" VariantType="5"/><FilterSettingRecord ObjectName="PMT 1" ClassName="CDetectionUnit" Attribute="State" Description="PMT 1" Data="1" Variant="Inactive" VariantType="8"/><FilterSettingRecord ObjectName="PMT 2" ClassName="CDetectionUnit" Attribute="State" Description="PMT 2" Data="2" Variant="Inactive" VariantType="8"/><FilterSettingRecord ObjectName="PMT 3" ClassName="CDetectionUnit" Attribute="State" Description="PMT 3" Data="3" Variant="Inactive" VariantType="8"/><FilterSettingRecord ObjectName="PMT HyD6" ClassName="CDetectionUnit" Attribute="State" Description="PMT HyD6" Data="1200" Variant="Active" VariantType="8"/><FilterSettingRecord ObjectName="PMT HyD6" ClassName="CDetectionUnit" Attribute="HighVoltage" Description="PMT HyD6 (Gain)" Data="1200" Variant="99.9981315396114" VariantType="5"/><FilterSettingRecord ObjectName="PMT HyD6" ClassName="CDetectionUnit" Attribute="AcquisitionMode" Description="PMT HyD6 (AcquisitionMode)" Data="1200" Variant="Standard" VariantType="8"/><FilterSettingRecord ObjectName="PMT HyD6" ClassName="CDetectionUnit" Attribute="OverloadState" Description="PMT HyD6 (OverloadState)" Data="1200" Variant="OK" VariantType="8"/><FilterSettingRecord ObjectName="PMT HyD7" ClassName="CDetectionUnit" Attribute="State" Description="PMT HyD7" Data="1201" Variant="Inactive" VariantType="8"/><FilterSettingRecord ObjectName="PMT Trans" ClassName="CDetectionUnit" Attribute="State" Description="PMT Trans" Data="100" Variant="Inactive" VariantType="8"/><FilterSettingRecord ObjectName="Attenuation MP" ClassName="CFilterWheel" Attribute="Filter" Description="Attenuation MP" Data="0" Variant="Min" VariantType="8"/><FilterSettingRecord ObjectName="Attenuation MP" ClassName="CFilterWheel" Attribute="SpectrumPosition" Description="Spectrum Position" Data="0" Variant="41.0003660886522" VariantType="5"/><FilterSettingRecord ObjectName="External Detection FW" ClassName="CFilterWheel" Attribute="Filter" Description="External Detection FW" Data="0" Variant="Mirror " VariantType="8"/><FilterSettingRecord ObjectName="FCS FW" ClassName="CFilterWheel" Attribute="Filter" Description="FCS FW" Data="0" Variant="--- " VariantType="8"/><FilterSettingRecord ObjectName="Galvo Slider" ClassName="CFilterWheel" Attribute="Filter" Description="Galvo Slider" Data="0" Variant="Galvo X Normal " VariantType="8"/><FilterSettingRecord ObjectName="Multifunction Port (MFP)" ClassName="CFilterWheel" Attribute="Filter" Description="Multifunction Port (MFP)" Data="0" Variant="SP 665" VariantType="8"/><FilterSettingRecord ObjectName="Polarization FW" ClassName="CFilterWheel" Attribute="Filter" Description="Polarization FW" Data="0" Variant="SP 680" VariantType="8"/><FilterSettingRecord ObjectName="Reson. Galvo Pan" ClassName="CFilterWheel" Attribute="Filter" Description="Reson. Galvo Pan" Data="0" Variant="Galvo X Pan Center " VariantType="8"/><FilterSettingRecord ObjectName="Target Slider" ClassName="CFilterWheel" Attribute="Filter" Description="Target Slider" Data="0" Variant="Target Park " VariantType="8"/><FilterSettingRecord ObjectName="UV Lens FW" ClassName="CFilterWheel" Attribute="Filter" Description="UV Lens FW" Data="0" Variant="Lens 63x/1.4 Oil " VariantType="8"/><FilterSettingRecord ObjectName="Hardware Tree (5100000642)" ClassName="CFolderHardwareTree" Attribute="Machine_Type" Description="Hardware Type No." Data="0" Variant="7" VariantType="5"/><FilterSettingRecord ObjectName="Hardware Tree (5100000642)" ClassName="CFolderHardwareTree" Attribute="System_Number" Description="System Number" Data="0" Variant="5100000642" VariantType="8"/><FilterSettingRecord ObjectName="Laser (405pulsed, Chaser UV)" ClassName="CLaser" Attribute="Wavelength" Description="Laser wavelength" Data="0" Variant="405" VariantType="3"/><FilterSettingRecord ObjectName="Laser (405pulsed, Chaser UV)" ClassName="CLaser" Attribute="Power State" Description="Power State" Data="0" Variant="Off" VariantType="8"/><FilterSettingRecord ObjectName="Laser (Argon, visible)" ClassName="CLaser" Attribute="Wavelength" Description="Laser wavelength" Data="0" Variant="458" VariantType="3"/><FilterSettingRecord ObjectName="Laser (Argon, visible)" ClassName="CLaser" Attribute="Power State" Description="Power State" Data="0" Variant="On" VariantType="8"/><FilterSettingRecord ObjectName="Laser (Argon, visible)" ClassName="CLaser" Attribute="Output Power" Description="Laser output power" Data="0" Variant="24.6031746031746" VariantType="5"/><FilterSettingRecord ObjectName="Laser (HeNe 543, visible)" ClassName="CLaser" Attribute="Wavelength" Description="Laser wavelength" Data="0" Variant="543" VariantType="3"/><FilterSettingRecord ObjectName="Laser (HeNe 543, visible)" ClassName="CLaser" Attribute="Power State" Description="Power State" Data="0" Variant="Off" VariantType="8"/><FilterSettingRecord ObjectName="Laser (HeNe 633, visible)" ClassName="CLaser" Attribute="Wavelength" Description="Laser wavelength" Data="0" Variant="633" VariantType="3"/><FilterSettingRecord ObjectName="Laser (HeNe 633, visible)" ClassName="CLaser" Attribute="Power State" Description="Power State" Data="0" Variant="Off" VariantType="8"/><FilterSettingRecord ObjectName="Laser (MP, MP)" ClassName="CLaser" Attribute="Wavelength" Description="Laser wavelength" Data="0" Variant="890" VariantType="3"/><FilterSettingRecord ObjectName="Laser (MP, MP)" ClassName="CLaser" Attribute="Power State" Description="Power State" Data="0" Variant="On" VariantType="8"/><FilterSettingRecord ObjectName="Laser (MP, MP)" ClassName="CLaser" Attribute="Output  Power" Description="Laser output power" Data="0" Variant="0.00W (890nm)" VariantType="8"/><FilterSettingRecord ObjectName="DMI6000" ClassName="CMicroscopeStand" Attribute="TLD_Settings" Description="TLD_Settings" Data="0" Variant="1000" VariantType="3"/><FilterSettingRecord ObjectName="DMI6000" ClassName="CMicroscopeStand" Attribute="RLD_Settings" Description="RLD_Settings" Data="0" Variant="1000" VariantType="3"/><FilterSettingRecord ObjectName="Scan Field Rotator MA4" ClassName="CRotator" Attribute="Scan Rotation" Description="Scan Field Rotation" Data="0" Variant="0" VariantType="5"/><FilterSettingRecord ObjectName="Scan Field Rotator MA4" ClassName="CRotator" Attribute="Rotation Direction" Description="Rotation Direction" Data="0" Variant="1" VariantType="3"/><FilterSettingRecord ObjectName="X Scan Actuator" ClassName="CScanActuator" Attribute="ScanPlane" Description="X Scan Actuator" Data="0" Variant="Active" VariantType="8"/><FilterSettingRecord ObjectName="X Scan Actuator" ClassName="CScanActuator" Attribute="IsWholeRangeOfSuperZEnabled" Description="X Scan Actuator (POS)" Data="0" Variant="0" VariantType="3"/><FilterSettingRecord ObjectName="X Scan Actuator" ClassName="CScanActuator" Attribute="Gain" Description="X Scan Actuator (Gain)" Data="0" Variant="1" VariantType="5"/><FilterSettingRecord ObjectName="X Scan Actuator" ClassName="CScanActuator" Attribute="Offset" Description="X Scan Actuator (Offs.)" Data="0" Variant="-1.84774134482507E-08" VariantType="5"/><FilterSettingRecord ObjectName="Y Scan Actuator" ClassName="CScanActuator" Attribute="ScanPlane" Description="Y Scan Actuator" Data="0" Variant="Active" VariantType="8"/><FilterSettingRecord ObjectName="Y Scan Actuator" ClassName="CScanActuator" Attribute="IsWholeRangeOfSuperZEnabled" Description="Y Scan Actuator (POS)" Data="0" Variant="0" VariantType="3"/><FilterSettingRecord ObjectName="Y Scan Actuator" ClassName="CScanActuator" Attribute="Gain" Description="Y Scan Actuator (Gain)" Data="0" Variant="1" VariantType="5"/><FilterSettingRecord ObjectName="Y Scan Actuator" ClassName="CScanActuator" Attribute="Offset" Description="Y Scan Actuator (Offs.)" Data="0" Variant="-1.84774134482507E-08" VariantType="5"/><FilterSettingRecord ObjectName="Z Scan Actuator" ClassName="CScanActuator" Attribute="ScanPlane" Description="Z Scan Actuator" Data="0" Variant="Inactive" VariantType="8"/><FilterSettingRecord ObjectName="Z Scan Actuator" ClassName="CScanActuator" Attribute="IsWholeRangeOfSuperZEnabled" Description="Z Scan Actuator (POS)" Data="0" Variant="0" VariantType="3"/><FilterSettingRecord ObjectName="Z Scan Actuator" ClassName="CScanActuator" Attribute="Position" Description="Z Scan Actuator (POS)" Data="0" Variant="1.67346160265123E-06" VariantType="5"/><FilterSettingRecord ObjectName="Scan Head" ClassName="CScanCtrlUnit" Attribute="Speed" Description="Scan Speed" Data="1" Variant="400" VariantType="5"/><FilterSettingRecord ObjectName="Scan Head" ClassName="CScanCtrlUnit" Attribute="Phase" Description="Phase" Data="0" Variant="-25.6519417105363" VariantType="5"/><FilterSettingRecord ObjectName="Scan Head" ClassName="CScanCtrlUnit" Attribute="Y-Phase" Description="Y-Phase" Data="0" Variant="0" VariantType="5"/><FilterSettingRecord ObjectName="Scan Head" ClassName="CScanCtrlUnit" Attribute="SMD-Phase" Description="SMD-Phase" Data="0" Variant="0" VariantType="5"/><FilterSettingRecord ObjectName="SP Mirror Channel 1" ClassName="CSpectrophotometerUnit" Attribute="Wavelength" Description="SP Mirror Channel 1 (left)" Data="0" Variant="498.090911468902" VariantType="5"/><FilterSettingRecord ObjectName="SP Mirror Channel 1" ClassName="CSpectrophotometerUnit" Attribute="Wavelength" Description="SP Mirror Channel 1 (right)" Data="1" Variant="565.415584415584" VariantType="5"/><FilterSettingRecord ObjectName="SP Mirror Channel 1" ClassName="CSpectrophotometerUnit" Attribute="Stain" Description="SP Mirror Channel 1 (stain)" Data="0" Variant="" VariantType="8"/><FilterSettingRecord ObjectName="SP Mirror Channel 2" ClassName="CSpectrophotometerUnit" Attribute="Wavelength" Description="SP Mirror Channel 2 (left)" Data="0" Variant="639.718614718615" VariantType="5"/><FilterSettingRecord ObjectName="SP Mirror Channel 2" ClassName="CSpectrophotometerUnit" Attribute="Wavelength" Description="SP Mirror Channel 2 (right)" Data="1" Variant="709.069264069264" VariantType="5"/><FilterSettingRecord ObjectName="SP Mirror Channel 2" ClassName="CSpectrophotometerUnit" Attribute="Stain" Description="SP Mirror Channel 2 (stain)" Data="0" Variant="" VariantType="8"/><FilterSettingRecord ObjectName="SP Mirror Channel 3" ClassName="CSpectrophotometerUnit" Attribute="Wavelength" Description="SP Mirror Channel 3 (left)" Data="0" Variant="717.380952380952" VariantType="5"/><FilterSettingRecord ObjectName="SP Mirror Channel 3" ClassName="CSpectrophotometerUnit" Attribute="Wavelength" Description="SP Mirror Channel 3 (right)" Data="1" Variant="786.731601731602" VariantType="5"/><FilterSettingRecord ObjectName="SP Mirror Channel 3" ClassName="CSpectrophotometerUnit" Attribute="Stain" Description="SP Mirror Channel 3 (stain)" Data="0" Variant="" VariantType="8"/><FilterSettingRecord ObjectName="DMI6000 TubeOptic" ClassName="CTubeOptic" Attribute="Magnification" Description="Magnification-Changer" Data="0" Variant="SCANx" VariantType="8"/><FilterSettingRecord ObjectName="DMI6000 TubeOptic" ClassName="CTubeOptic" Attribute="Position" Description="Position" Data="0" Variant="3" VariantType="3"/><FilterSettingRecord ObjectName="DMI6000 Turret" ClassName="CTurret" Attribute="Objective" Description="Objective" Data="0" Variant="HCX APO U-V-I  40.0x0.75 DRY  UV" VariantType="8"/><FilterSettingRecord ObjectName="DMI6000 Turret" ClassName="CTurret" Attribute="OrderNumber" Description="Order number (Obj.)" Data="0" Variant="11506173" VariantType="3"/><FilterSettingRecord ObjectName="DMI6000 Turret" ClassName="CTurret" Attribute="NumericalAperture" Description="Numerical aperture (Obj.)" Data="0" Variant="0.75" VariantType="5"/><FilterSettingRecord ObjectName="DMI6000 Turret" ClassName="CTurret" Attribute="RefractionIndex" Description="Refraction index" Data="0" Variant="1" VariantType="5"/><FilterSettingRecord ObjectName="DMI6000 Turret" ClassName="CTurret" Attribute="DUMMYNAME" Description="Dummy Name (Obj.)" Data="0" Variant="Dummy3" VariantType="8"/><FilterSettingRecord ObjectName="DMI6000 Stage" ClassName="CXYZStage" Attribute="XPosOrigin" Description="DMI6000 Stage XOrigin" Data="0" Variant="0" VariantType="5"/><FilterSettingRecord ObjectName="DMI6000 Stage" ClassName="CXYZStage" Attribute="YPosOrigin" Description="DMI6000 Stage YOrigin" Data="0" Variant="0" VariantType="5"/><FilterSettingRecord ObjectName="DMI6000 Stage" ClassName="CXYZStage" Attribute="ZPosOrigin" Description="DMI6000 Stage ZOrigin" Data="0" Variant="0" VariantType="5"/><FilterSettingRecord ObjectName="DMI6000 Stage" ClassName="CXYZStage" Attribute="XPos" Description="DMI6000 Stage Pos x" Data="0" Variant="0.05808945756287" VariantType="5"/><FilterSettingRecord ObjectName="DMI6000 Stage" ClassName="CXYZStage" Attribute="YPos" Description="DMI6000 Stage Pos y" Data="0" Variant="0.03877345671048" VariantType="5"/><FilterSettingRecord ObjectName="DMI6000 Stage" ClassName="CXYZStage" Attribute="ZPos" Description="DMI6000 Stage Pos z" Data="0" Variant="0" VariantType="5"/></FilterSetting></HardwareSetting></Attachment><TimeStampList><TimeStamp HighInteger="30396063" LowInteger="306794352"/></TimeStampList><Attachment Name="ChannelAttachment" Application="LAS AF"/><Attachment Name="ViewerScaling" Application="LAS AF"><ChannelScalingInfo BackgroundLutName="" WhiteValue="1" BlackValue="0" GammaValue="1" Automatic="0"/></Attachment><Attachment Name="ImageXMLDocument" Application="LAS AF"><RootNode/>
		</Attachment></Image></Data>
