<?xml version='1.0' encoding='UTF-8'?>
<resources>
  <string name="RF_DalvikCacheLeftovers">Dalvik-Cache</string>
  <string name="activity_title_ad">Publicidad</string>
  <string name="activity_title_apk">Paquetes</string>
  <string name="activity_title_brightness_image">Subexpuesta y sobreexpuesta</string>
  <string name="activity_title_cache">Caché</string>
  <string name="activity_title_cache_data">Datos de la aplicación</string>
  <string name="activity_title_deep_apk">Eliminar archivos APK</string>
  <string name="activity_title_deep_clean">Limpieza a fondo</string>
  <string name="activity_title_garbage_cleanup">Limpiador</string>
  <string name="activity_title_ignored_image">Ignorado</string>
  <string name="activity_title_image_gallery">Eliminar duplicados</string>
  <string name="activity_title_large_file">Archivos grandes</string>
  <string name="activity_title_main">Limpiador</string>
  <string name="activity_title_news">Noticias</string>
  <string name="activity_title_privacy_cache">Caché de privacidad</string>
  <string name="activity_title_residual">Residuales</string>
  <string name="activity_title_scanfinish">Análisis finalizado</string>
  <string name="activity_title_screenshot">Capturas de pantalla</string>
  <string name="activity_title_settings">Ajustes</string>
  <string name="activity_title_similar_image">Fotos duplicadas</string>
  <string name="activity_title_similar_image_group">Eliminar duplicados</string>
  <string name="activity_title_tedious_image">Fotos accidentales</string>
  <string name="activity_title_uninstall_apps">Aplicaciones</string>
  <string name="activity_title_video">Eliminar vídeos</string>
  <string name="activity_title_white_list">Excepciones</string>
  <string name="ad_install_success_dialog_lunch">Abrir</string>
  <string name="ad_install_success_dialog_title">%1$s instalado correctamente. ¿Abrir ahora?</string>
  <string name="apk_status_damage">Dañado</string>
  <string name="apk_status_duplicate">Duplicado</string>
  <string name="apk_status_install">Instalado</string>
  <string name="apk_status_installed_old">Versión antigua</string>
  <string name="apk_status_uninstalled">No instalada</string>
  <string name="app_install_tips_go_to">Abrir</string>
  <string name="app_install_tips_install_success">%1$s instalación correcta</string>
  <string name="apps_sort_type_item_size">Tamaño</string>
  <string name="apps_sort_type_item_time">Usado frecuentemente</string>
  <string name="apps_sort_type_title">Ordenar</string>
  <string name="authorize_detail">Bloqueadas %d aplicaciones</string>
  <string name="auto_clean_switch_off">Apagado</string>
  <string name="auto_clean_switch_on">Encendido</string>
  <string name="auto_cleaner_open">Activar</string>
  <string name="back">Volver</string>
  <string name="btn_text_done">Listo</string>
  <string name="btn_text_quick_cleanup">Limpiar</string>
  <string name="btn_text_quick_cleanup_apk">%1$s Eliminar aplicaciones seleccionadas</string>
  <string name="btn_text_quick_cleanup_appdata">%1$s Eliminar los datos seleccionados</string>
  <string name="btn_text_quick_cleanup_large_file">%1$s Eliminar los archivos seleccionados</string>
  <string name="btn_text_quick_cleanup_video">%1$s Eliminar vídeos seleccionados</string>
  <string name="btn_text_quick_scan">Escanear</string>
  <string name="btn_text_stop">Parar</string>
  <string name="button_optimizer">Aceptar</string>
  <string name="button_text_add_to_white_list">Excepción</string>
  <string name="button_text_backup_uninstall">Hacer primero una copia de seguridad</string>
  <string name="button_text_cancel">Cancelar</string>
  <string name="button_text_cleanup">Limpiar</string>
  <string name="button_text_delete_from_white_list">Eliminar</string>
  <string name="button_text_delete_pic">Eliminar</string>
  <string name="button_text_deselect_all_photos">Desmarcar todo</string>
  <string name="button_text_group_ignore">Ignorar</string>
  <string name="button_text_group_unlike">Sin duplicados</string>
  <string name="button_text_install">Instalar</string>
  <string name="button_text_install_now">Instalar</string>
  <string name="button_text_keep_one">Conservar una</string>
  <string name="button_text_known">De acuerdo</string>
  <string name="button_text_let_me_select">De acuerdo</string>
  <string name="button_text_not_prompt_again">No mostrar de nuevo</string>
  <string name="button_text_photo_selected">Seleccionado</string>
  <string name="button_text_restore_ignore">Deshacer</string>
  <string name="button_text_select_all">Seleccionar</string>
  <string name="button_text_select_all_photos">Seleccionar todo</string>
  <string name="button_text_select_pic">Seleccionar</string>
  <string name="button_text_uninstall">Desinstalar</string>
  <string name="button_text_uninstall_only">Desinstalar %s</string>
  <string name="button_text_unselect_all">Desmarcar</string>
  <string name="button_text_unselect_pic">Desmarcar</string>
  <string name="button_text_view_detail">Detalles</string>
  <string name="button_text_view_file">Archivo</string>
  <string name="buy_a_new_phone">Actualización del almacenamiento</string>
  <string name="buy_immediately">Comprar</string>
  <string name="buy_traffic_pack">Comprar más datos</string>
  <string name="byteShort">B</string>
  <string name="cache_title_empty_folder">Carpeta vacía (%d)</string>
  <string name="cache_title_empty_folder2">Carpeta vacía</string>
  <string name="cache_title_system_cache">Cache del sistema</string>
  <string name="cached_garbage">Caché</string>
  <string name="cancel">Cancelar</string>
  <string name="clean_content_all">Todo</string>
  <string name="clean_content_one">1 elemento</string>
  <string name="clean_content_three">3 elementos</string>
  <string name="clean_content_two">2 elementos</string>
  <string name="clean_content_zero">Nada</string>
  <string name="clear_bigfiles">Eliminar archivos pesados, fotos duplicadas, y otros elementos sin uso</string>
  <string name="clear_immediately">Limpiar ahora</string>
  <string name="clear_safe_notify">Barra de notificaciones de seguridad</string>
  <string name="close">Cerrar</string>
  <string name="confirm_auto_cleaner">De acuerdo</string>
  <string name="conn_of_function_safe">Conexión de Red para Seguridad</string>
  <string name="connecting">Conectando…</string>
  <string name="deep_clean_completed_tips">Limpiado con éxito</string>
  <string name="deep_clean_data_path_clean_title">Limpiar cache</string>
  <string name="deep_clean_normal_clean_progress_desc">Limpiado %1$s archivos</string>
  <string name="deep_clean_uninstall_completed_tips">Desinstalado correctamente</string>
  <string name="deepclean_apk_content">Eliminar APK en aplicaciones innecesarias</string>
  <string name="deepclean_apk_summary_empty">Todo parece estar bien; no hay APK para eliminar</string>
  <string name="deepclean_apk_version_error">Desconocido</string>
  <string name="deepclean_app_content">Desinstalar aplicaciones que no han sido usadas en 30 días</string>
  <string name="deepclean_app_summary_empty">Todo parece bien, no hay aplicaciones para borrar</string>
  <string name="deepclean_cache_content">Limpiar datos generados por aplicaciones</string>
  <string name="deepclean_cache_header_left">Archivos de datos: %d</string>
  <string name="deepclean_cache_summary_empty">Todo parece bien, no hay datos para borrar</string>
  <string name="deepclean_empty">Todo está bien</string>
  <string name="deepclean_install_info_desc2">Eliminar aplicaciones para liberar espacio</string>
  <string name="deepclean_large_content">Eliminar archivos mayores de 10MB</string>
  <string name="deepclean_large_summary_empty">Todo parece bien, no hay archivos para borrar</string>
  <string name="deepclean_list_item_from_app">App Store</string>
  <string name="deepclean_list_item_from_dcim_thumbnails">Miniaturas</string>
  <string name="deepclean_list_item_from_download">Descargas</string>
  <string name="deepclean_list_item_from_gallery">Galería</string>
  <string name="deepclean_list_item_from_miui">MIUI</string>
  <string name="deepclean_list_item_from_music">Música</string>
  <string name="deepclean_list_item_from_sdcard">Tarjeta SD</string>
  <string name="deepclean_normal_item_desc1">Archivos basura</string>
  <string name="deepclean_normal_item_desc2">"La actividad de limpiador no influirá en el rendimiento del sistema"</string>
  <string name="deepclean_normal_item_summary_empty">Todo parece correcto, nada para limpiar</string>
  <string name="deepclean_normal_title">Limpiar automáticamente</string>
  <string name="deepclean_similar_ignore">Ignorar</string>
  <string name="deepclean_similar_summary_empty">Todo parece bien, no hay fotos para borrar</string>
  <string name="deepclean_size_summary_less">Sin espacio suficiente</string>
  <string name="deepclean_size_summary_more">Hay suficiente espacio de almacenamiento</string>
  <string name="deepclean_size_summary_normal">Espacio de almacenamiento disponible</string>
  <string name="deepclean_title_large_file">Borrar archivos grandes</string>
  <string name="deepclean_title_uninstall_apps">Aplicaciones poco usadas</string>
  <string name="deepclean_video_content">Eliminar vídeos innecesarios o ya vistos</string>
  <string name="deepclean_video_summary_empty">Todo parece estar bien</string>
  <string name="default_cache_type">Archivos de datos</string>
  <string name="dialog_content_checkbox_delete_cloud_image">Eliminar fotos de Mi Cloud</string>
  <string name="dialog_content_select_all_confirm">¿Mantener una copia de esta foto?</string>
  <string name="dialog_msg_add_white_list_error">No se pudo añadir este archivo a las excepciones</string>
  <string name="dialog_msg_backup_and_uninstall_apps">¿Crear Backup y desinstalar las aplicaciones seleccionadas?</string>
  <string name="dialog_msg_check_all">Confirme que la selección %1$s contenga %2$d elementos</string>
  <string name="dialog_msg_esc_cleanmaster">¿Detener la exploración de limpieza en curso?</string>
  <string name="dialog_msg_load_cleanup_engine_error">La interfaz de limpieza se ha dañado.</string>
  <string name="dialog_msg_stop_scan">¿Detener la exploración de limpieza en curso?</string>
  <string name="dialog_msg_uninstall_apps">¿Desinstalar estas aplicaciones?</string>
  <string name="dialog_msg_uninstall_apps_xspace">¿Desinstalar estas aplicaciones（incluyendo aplicaciones duplicadas）?</string>
  <string name="dialog_ok_add_white_list_error">De acuerdo</string>
  <string name="dialog_title_add_white_list_error">Atención</string>
  <string name="dialog_title_backup_and_uninstall_apps">Backup y desinstalar</string>
  <string name="dialog_title_check_all">Seleccionar todo</string>
  <string name="dialog_title_delete_image">Eliminar las imágenes seleccionadas</string>
  <string name="dialog_title_esc_cleanmaster">Salir del Limpiador</string>
  <string name="dialog_title_load_cleanup_engine_error">Algo ha salido mal</string>
  <string name="dialog_title_stop_scan">Detener el escaneo</string>
  <string name="dialog_title_uninstall_apps">Desinstalar</string>
  <string name="download">Descargar</string>
  <string name="downloading">Descargando</string>
  <string name="empty">" "</string>
  <string name="empty_content_no_ignore_image">Vaciar</string>
  <string name="empty_content_no_privacy">Vacío</string>
  <string name="empty_content_no_similar_image">Sin fotos</string>
  <string name="empty_title_ad">No se encontraron archivos de publicidad</string>
  <string name="empty_title_apk">No se encontraron paquetes instalados</string>
  <string name="empty_title_garbage_cache">Nada que limpiar</string>
  <string name="empty_title_garbage_white_list">Presione un elemento para añadirlo.</string>
  <string name="empty_title_installed_apps">Vaciar</string>
  <string name="empty_title_large_files">Vaciar</string>
  <string name="empty_title_residual">No se encontraron residuos</string>
  <string name="empty_title_video">No hay vídeos para eliminar</string>
  <string name="flow_rank_title">Uso de datos</string>
  <string name="function_app_lock_title">%d aplicaciones contienen riesgos de privacidad</string>
  <string name="garbage_clean_detail">Detalles</string>
  <string name="garbage_cleanup_detail">%1$d veces, limpiado %2$s</string>
  <string name="garbage_month">Limpiado %s este mes</string>
  <string name="gigabyteShort">GB</string>
  <string name="go_to">Continuar</string>
  <string name="goto_set">Ajustar</string>
  <string name="grabage_rank_title">Limpiado hoy</string>
  <string name="harass_detail">Bloqueadas %1$d SMS y %2$d llamadas</string>
  <string name="header_optimizer">Al usar esta función, acepta los %s.</string>
  <string name="hint_clean_select_items">Eliminación de duplicados…</string>
  <string name="hints_ad_header_left">Archivos de publicidad</string>
  <string name="hints_apk_header_left">Paquetes</string>
  <string name="hints_apk_version">Versión %s</string>
  <string name="hints_app_uninstall_residual">¿Borrar archivos de desinstalación residuales?</string>
  <string name="hints_cache_header_left">Archivos en caché</string>
  <string name="hints_cache_msd_desc">Eliminar las actualizaciones delta no afecta al uso de las aplicaciones</string>
  <string name="hints_cache_msd_title">Actualización Delta</string>
  <string name="hints_cleanfinish">Limpieza terminada</string>
  <string name="hints_deepclean_list_item_from">De %s</string>
  <string name="hints_deepclean_scanning">Escaneando %s</string>
  <string name="hints_finish_quick_cleanup">Terminado</string>
  <string name="hints_finish_quick_cleanup_title">Limpiar la papelera %s</string>
  <string name="hints_finish_quick_scan">Escaneado terminado</string>
  <string name="hints_garbage_cleanup_result_danger">Limpiar almacenamiento interno</string>
  <string name="hints_garbage_cleanup_result_risk">Limpiar almacenamiento interno</string>
  <string name="hints_garbage_cleanup_result_safe">Todo parece estar bien</string>
  <string name="hints_garbage_handle_item_content">%1$d elementos, %2$s</string>
  <string name="hints_garbage_handle_item_empty_content">Vaciar</string>
  <string name="hints_header_left">%d</string>
  <string name="hints_install_apps_else">Usado %s</string>
  <string name="hints_install_apps_interval">Usados hace %d días</string>
  <string name="hints_install_apps_new">Nunca abierto</string>
  <string name="hints_install_apps_risk">Riesgo detectado</string>
  <string name="hints_install_apps_today">Usados hoy</string>
  <string name="hints_install_apps_virus">Virus detectado</string>
  <string name="hints_installed_app_fewer">Poco usado</string>
  <string name="hints_installed_app_near">Usado recientemente</string>
  <string name="hints_installed_app_never">Nunca usado</string>
  <string name="hints_installed_apps_header_left">Aplicaciones instaladas: %d</string>
  <string name="hints_large_file_header_left">Archivos grandes: %d</string>
  <string name="hints_latest_garbage_cleanup_date">Última limpieza: hace %d días</string>
  <string name="hints_latest_garbage_cleanup_never">Nunca se ha limpiado</string>
  <string name="hints_latest_garbage_cleanup_today">Última limpieza: Hoy</string>
  <string name="hints_latest_garbage_cleanup_yesterday">Última limpieza: Ayer</string>
  <string name="hints_list_item_clean">Limpiar</string>
  <string name="hints_list_item_keep">Mantener</string>
  <string name="hints_list_item_lock">Conservar</string>
  <string name="hints_list_item_unlock">Limpiar</string>
  <string name="hints_loading_text">Cargando…</string>
  <string name="hints_memory_header_left">Memoria</string>
  <string name="hints_num">0</string>
  <string name="hints_privacy_header_left">Privacidad: %d</string>
  <string name="hints_quick_cleanning">Limpiando…</string>
  <string name="hints_quick_cleanuping">Optimizando…</string>
  <string name="hints_quick_deep_clean">Limpiar ahora</string>
  <string name="hints_quick_deep_scanning">Escaneando</string>
  <string name="hints_quick_deep_uninstall">Eliminar ahora</string>
  <string name="hints_quick_prepare">Preparando…</string>
  <string name="hints_quick_scanning">Escaneando…</string>
  <string name="hints_residual_header_left">Residuales</string>
  <string name="hints_scan_has_finish">Limpieza terminada</string>
  <string name="hints_scanfinish">Sin basura</string>
  <string name="hints_storage_clean_size">Liberados %s de la memoria interna</string>
  <string name="hints_storage_free">Libre</string>
  <string name="hints_storage_free_size">Total %1$s, %2$s disponible</string>
  <string name="hints_storage_news">Noticias de seguridad</string>
  <string name="hints_title_garbage">" de basura"</string>
  <string name="hints_video_camera">Vídeos capturados</string>
  <string name="hints_video_download">Vídeos descargados</string>
  <string name="hot">Popular</string>
  <string name="hot_today">Popular hoy</string>
  <string name="information_setting">Ajustes del canal de noticias</string>
  <string name="install_sucess">%s instalado correctamente</string>
  <string name="installed">Instalado</string>
  <string name="installing">Instalando</string>
  <string name="item_title_process_mode">Elija una acción</string>
  <string name="just_now">Ahora mismo</string>
  <string name="kilobyteShort">KB</string>
  <string name="label_image_list_none">Ninguno</string>
  <string name="label_preserve_the_best_image">Guardar las fotos más nítidas</string>
  <string name="last_check_canceled">El análisis anterior fue cancelado</string>
  <string name="load_only_under_wlan">Cargar noticias cuando me conecte a Wi-Fi</string>
  <string name="login_immediately">Iniciar sesión</string>
  <string name="long_click_dialog_summary">Presione prolongadamente para añadir a las excepciones.</string>
  <string name="long_click_dialog_title">Aviso</string>
  <string name="low_memory_clean_dialog_msg">En primer lugar borrar archivos de al menos 100 MB</string>
  <string name="low_memory_clean_dialog_ok_button">OK</string>
  <string name="low_memory_clean_dialog_title">No hay suficiente espacio libre</string>
  <string name="low_memory_warning_dialog_cancel_button">Cancelar</string>
  <string name="low_memory_warning_dialog_msg">Liberar espacio en el dispositivo para continuar</string>
  <string name="low_memory_warning_dialog_ok_button">Limpiar</string>
  <string name="low_memory_warning_dialog_title">No hay suficiente espacio libre</string>
  <string name="mainbtn_text_quick_cleanup">Limpiar %s</string>
  <string name="mainbtn_text_quick_cleanup_default">Limpiar</string>
  <string name="megabyteShort">MB</string>
  <string name="memeory_check_content">%1$d aplicaciones, %2$s de memoria</string>
  <string name="month_day_format">dd MMM</string>
  <string name="msg_cleanup_db_update_checking">Buscando actualizaciones…</string>
  <string name="msg_cleanup_db_update_time_unknown">Última actualización desconocida</string>
  <string name="msg_update_error_code_already_running">Actualizando…</string>
  <string name="msg_update_error_code_network_error">No es posible conectarse a la red</string>
  <string name="msg_update_error_code_no_newer_db">El Limpiador está actualizado</string>
  <string name="msg_update_error_code_success">Terminado</string>
  <string name="msg_update_error_code_unknown_error">Error desconocido</string>
  <string name="name_debuglog_dir">Registro Debug Bsp</string>
  <string name="name_optimizer">Política de privacidad</string>
  <string name="nb_clear_set">ROM limpia, ver la información de la batería y la lista de bloqueo en la pantalla de notificaciones</string>
  <string name="net_assistant_detail">Usado %1$s, guardado %2$s</string>
  <string name="net_assistant_title">Usados %s datos móviles este mes</string>
  <string name="network_not_available">No se puede conectar a la red</string>
  <string name="news_change">Cambiar</string>
  <string name="no_network">No ha sido posible conectarse a la red, inténtelo más tarde</string>
  <string name="no_network_btn">Volver a intentarlo</string>
  <string name="notification_summary_after_auto_cleanup">%s limpiado.</string>
  <string name="notification_summary_of_garbage_cleanup">Su papelera supera los %s.</string>
  <string name="notification_title_of_garbage_cleanup">Tamaño de la papelera</string>
  <string name="notify_when">Notificar cuando la papelera alcance 100MB de tamaño</string>
  <string name="ok">De acuerdo</string>
  <string name="open">Activar</string>
  <string name="open_app">Abrir</string>
  <string name="open_browser">Abrir en el navegador</string>
  <string name="optimizecenter_data_support_cm">Desarrollado por Clean Master</string>
  <string name="optimizecenter_data_support_tc">Desarrollado por Tencent</string>
  <string name="petabyteShort">PB</string>
  <string name="positive_confirm">De acuerdo</string>
  <string name="pref_category_title_auto_clean_settings">Limpiar automáticamente</string>
  <string name="pref_category_title_auto_update_cleanup_db">Ajustes adicionales</string>
  <string name="pref_category_title_cleanup_white_list">Excepciones</string>
  <string name="pref_category_title_engine_settings">Configurar la definición de escaneo</string>
  <string name="pref_category_title_garbage_cleanup_check">Notificaciones</string>
  <string name="pref_category_title_other_clean_settings">Ajustes adicionales</string>
  <string name="pref_content_cleanup_white_list_none">Ninguno</string>
  <string name="pref_summary_auto_clean_and_alert">Programar el limpiador para ejecutarse automáticamente</string>
  <string name="pref_summary_auto_update_cleanup_db">Última actualización %s</string>
  <string name="pref_summary_cleanup_white_list">Evitar que se haga limpieza de las apps seleccionadas</string>
  <string name="pref_summary_expand_cache_group">Mostrar detalles de caché automáticamente</string>
  <string name="pref_summary_garbage_auto_clean_content">Seleccione qué elementos limpiar automáticamente</string>
  <string name="pref_summary_garbage_cleanup_check_size">Limpiar automáticamente cuando la papelera alcance un determinado tamaño</string>
  <string name="pref_summary_garbage_cleanup_check_time">Programar una rutina de limpieza</string>
  <string name="pref_summary_garbage_process_mode">Configurar notificaciones para cuando se ejecute el limpiador</string>
  <string name="pref_summary_open_optimizer_cloud_scan">Subir y comparar nombres de archivo desconocidos con definiciones online</string>
  <string name="pref_title_apps_cleanup_size">Cuando alcance el tamaño del caché</string>
  <string name="pref_title_auto_clean_content_choose">Seleccionar elementos a limpiar</string>
  <string name="pref_title_auto_update_cleanup_db">Actualizar automáticamente</string>
  <string name="pref_title_choose_engine">Definiciones</string>
  <string name="pref_title_clean_alert">Limpiar automáticamente</string>
  <string name="pref_title_cleanup_white_list">Excepciones</string>
  <string name="pref_title_expand_cache_group">Mostrar elementos en caché</string>
  <string name="pref_title_garbage_cleanup_check_size">Límite del tamaño de la papelera</string>
  <string name="pref_title_garbage_cleanup_check_time">Programar</string>
  <string name="pref_title_garbage_cleanup_size">Tamaño límite de la papelera</string>
  <string name="pref_title_manual_check_cleanup_db_update">Comprobar actualizaciones</string>
  <string name="pref_title_open_optimizer_cloud_scan">Cargar los nombres de los archivos</string>
  <string name="pref_title_open_optimizer_memory_scan">Escanear memoria de la aplicación</string>
  <string name="privacy_app_desc">Cuenta y contraseña</string>
  <string name="privacy_app_desc_message">Cuenta, contraseñas y mensajes</string>
  <string name="privacy_app_desc_search">Cuentas, contraseñas e historial de búsqueda</string>
  <string name="privacy_app_desc_setting">Cuenta, contraseñas y ajustes</string>
  <string name="privacy_browser_desc">Elementos buscados</string>
  <string name="privacy_cache_desc">Cuenta, contraseña, historial, ajustes y más</string>
  <string name="privacy_cache_empty">Sin datos personales</string>
  <string name="privacy_cache_scaning">Comprobando…</string>
  <string name="privacy_cache_title">Información personal</string>
  <string name="privacy_clipboard_desc">Contenido del portapapeles</string>
  <string name="privacy_clipboard_type">Portapapeles</string>
  <string name="privacy_search_desc">Historial de búsqueda</string>
  <string name="privacy_search_type">Búsqueda en Google</string>
  <string name="promotion">Anuncio</string>
  <string name="recommend_news">Fuentes recomendados</string>
  <string name="recommend_the_following">Lleve a cabo las siguientes acciones para obtener el máximo provecho de su dispositivo</string>
  <string name="recommended">Destacado</string>
  <string name="safety_check_detail">%1$d veces, ganados %2$d puntos</string>
  <string name="safety_rank">Por delante de %d%% usuarios de MIUI en términos de seguridad</string>
  <string name="sc_allow_network_dialog_button">Permitir</string>
  <string name="sc_allow_network_dialog_message">¿Permitir a esta app conectarse a Internet para recibir actualizaciones?</string>
  <string name="scanning">Escaneando…</string>
  <string name="search_history">Historial de búsqueda</string>
  <string name="see_more">Más</string>
  <string name="set_immediately">Ajustar</string>
  <string name="seton_immediately">Activar</string>
  <string name="share">Compartir</string>
  <string name="similar_image_desc">Borrar fotos parecidas</string>
  <string name="similar_image_empty">No se han encontrado duplicados</string>
  <string name="similar_image_scaning">Comprobando…</string>
  <string name="similar_image_title">Fotos</string>
  <string name="sponsored">Patrocinado</string>
  <string name="start_downloading_app">Empezar descarga：%1$s</string>
  <string name="start_install">Instalar ahora</string>
  <string name="summary_auto_cleaner">¿Limpiar automáticamente el sistema cada 3 días?</string>
  <string name="summary_delete_apk">¿Eliminar APK seleccionadas permanentemente?</string>
  <string name="summary_delete_cache">¿Limpiar caché de las aplicaciones seleccionadas?</string>
  <string name="summary_delete_large_file">¿Eliminar permanentemente los archivos seleccionados?</string>
  <string name="summary_delete_video">¿Eliminar vídeos seleccionados permanentemente?</string>
  <string name="summary_optimizer">Esta función carga los nombres de las carpetas para actualizar la base de datos online de Cheetah Mobile y requiere la ID de su dispositivo.</string>
  <string name="terabyteShort">TB</string>
  <string name="text_optimizer">Cargar nombres de carpeta</string>
  <string name="there_is_no">Todo parece estar bien, regrese en otro momento</string>
  <string name="tips_of_app_manage">Eliminar las aplicaciones que se usan poco para ahorrar almacenamiento</string>
  <string name="tips_of_auto_launch_manage">Prevenir el auto-inicio de aplicaciones usadas pocas veces</string>
  <string name="tips_of_cloud_service">Inicie sesión en su Cuenta Mi para usar más servicios de Mi</string>
  <string name="tips_of_connect">Conectarse a Internet para usar el conjunto completo de opciones de seguridad</string>
  <string name="tips_of_garbage_cloud_scan">Encontrar residuos ocultos con el escaneo en la nube</string>
  <string name="tips_of_garbage_data_set">Limpiar la base de datos del Limpiador para encontrar más residuos en su dispositivo</string>
  <string name="tips_of_network_speed_set">Ver la velocidad de red en la barra de notificaciones</string>
  <string name="tips_of_operators_set">Ajustar estadísticas de uso de datos automáticamente</string>
  <string name="tips_of_package_set">Configure su plan de datos y controle la cantidad de tráfico generado</string>
  <string name="tips_of_traffic_notification">Ver las estadísticas de datos en la ventana de notificaciones</string>
  <string name="tips_of_traffic_pack_threshold">Comprar más datos cuando alcance el límite de datos mensuales</string>
  <string name="tips_of_virus_scan">Escanear su dispositivo regularmente en busca de virus para mantener la seguridad</string>
  <string name="title_auto_cleaner">Limpiar automáticamente</string>
  <string name="title_delete_cache">Limpiar caché de aplicaciones</string>
  <string name="title_delete_clipboard">Contenido del portapapeles</string>
  <string name="title_delete_deepclean">Eliminar</string>
  <string name="title_delete_large_file">Eliminar archivos grandes</string>
  <string name="title_of_app_manage">Aplicaciones</string>
  <string name="title_of_auto_launch_manage">Inicio automático</string>
  <string name="title_of_cloud_service">Servicios en la nube</string>
  <string name="title_of_garbage_cloud_scan">Escaneo de la nube</string>
  <string name="title_of_garbage_data_set">Actualizaciones de base de datos del limpiador</string>
  <string name="title_of_network_speed_set">Mostrar la velocidad de red en la barra de notificaciones</string>
  <string name="title_of_operators_set">Ajustes de operador</string>
  <string name="title_of_package_set">Ajustes del plan de datos</string>
  <string name="title_of_traffic_notification">Barra de estadísticas de datos</string>
  <string name="title_optimizer">Términos y Condiciones</string>
  <string name="title_share_link">Compartir URL</string>
  <string name="toast_add_white_list_success">" añadido a excepciones"</string>
  <string name="toast_app_no_residual_on_sdcard">La aplicación no tiene ningún archivo guardado en su tarjeta SD</string>
  <string name="toast_backup_is_running">Backup en ejecución</string>
  <string name="toast_backup_uninstall_failed">No se pudo realizar backups de %d aplicaciones</string>
  <string name="toast_backup_uninstall_failed2">No se pudo realizar el backup</string>
  <string name="toast_backup_uninstall_success">Backup y desinstalación completadas</string>
  <string name="toast_delete_select_image_succeed">Eliminado</string>
  <string name="toast_garbage_cleanup_success">Limpieza terminada</string>
  <string name="toast_garbage_list_empty">¡Todo parece estar bien!</string>
  <string name="toast_must_select_before_restore">Elija fotos para restaurar</string>
  <string name="toast_network_eror">No se puede conectar a la red</string>
  <string name="toast_network_switch">Esta aplicación puede conectarse a Internet</string>
  <string name="toast_removed_from_white_list">" borrado de excepciones"</string>
  <string name="toast_resolve_apk_error">Resolver error de la apk</string>
  <string name="toast_scaning_similar_image">Verificando fotos…</string>
  <string name="toast_select_image_need_delete">Elija fotos para eliminar</string>
  <string name="toast_select_white_need_remove">Elija los elementos a eliminar</string>
  <string name="toast_selecte_group_restore_succeed">Fotos restauradas</string>
  <string name="toast_uninstall_success">Desinstalación completa</string>
  <string name="total_clean">Total eliminado: %s</string>
  <string name="total_clean_text">Limpiar</string>
  <string name="traffic_top">Aplicaciones que consumen más datos</string>
  <string name="update_date_format">dd/MM/yyyy</string>
  <string name="virus_scan">Análisis de virus</string>
  <string name="white_list_ad_header">Archivos de publicidad: %d</string>
  <string name="white_list_apk_header">Paquetes de instalación: %d</string>
  <string name="white_list_cache_header">Archivos en caché: %d</string>
  <string name="white_list_large_file_header">Archivos y vídeos grandes: %d</string>
  <string name="white_list_residual_header">Residuales: %d</string>
  <string name="white_list_title">Excepciones</string>
  <string name="year_month_day_format">dd MMM, yyyy</string>
  <string name="yesterday">Ayer</string>
</resources>
