<?xml version="1.0"?>
<!DOCTYPE html><html><head><meta http-equiv="Content-Type" content="text/html;charset=UTF-8"/><title>PROJEKT 3</title></head><body><h2>GRUPA:Rodzina</h2><table style="border: 2px solid black;background:yellow;"><tr><td style="width:30px">Nr</td><td>Nazwisko</td><td>Imie</td><td>Adres</td><td>gg</td><td>Telefon</td><td>email</td><td>www</td></tr><tr style="background: orange"><td>1</td><td>Hallman</td><td>Leszek</td><td>
			83-262
			Czarna Woda
			Okrezna
			14
		</td><td/><td>664741805</td><td><a href="mailto:leszekhallman@wp.pl">leszekhallman@wp.pl</a></td><td><a href="$www">http://leszek.pl</a></td></tr><tr><td>2</td><td>Hallman</td><td>Janina</td><td>
			83-262
			Czarna Woda
			Okrezna
			14
		</td><td/><td>607058504</td><td><a href="mailto:janinahallman@wp.pl">janinahallman@wp.pl</a></td><td><a href="$www">http://janka.idk.pl</a></td></tr><tr style="background: orange"><td>3</td><td>Jaszczyszyn</td><td>Szymon</td><td>
			80-126
			Gdańsk
			Mysliwskie Wzgorze
			4
			3
		</td><td>873922744</td><td>663137727</td><td><a href="mailto:szczur778@onet.pl">szczur778@onet.pl</a></td><td><a href="$www">http://SzymonSzczurek.pl</a></td></tr><tr><td>10</td><td>Hallman-Jaszczyszyn</td><td>Monika</td><td>
			80-126
			Gdańsk
			Mysliwskie Wzgorze
			4
			3
		</td><td>76237802</td><td>605438302</td><td><a href="mailto:monia86@gmail.com">monia86@gmail.com</a></td><td><a href="$www">http://Monia.pl</a></td></tr></table><h2>GRUPA:Bliscy</h2><table style="border: 2px solid black;background:yellow;"><tr><td style="width:30px">Nr</td><td>Nazwisko</td><td>Imie</td><td>Adres</td><td>gg</td><td>Telefon</td><td>email</td><td>www</td></tr><tr><td>4</td><td>Rzeppa</td><td>Slawomir</td><td>
			80-426
			Gdansk
			Gen j.Hallera
			73
			3
		</td><td>10294567</td><td>697463997</td><td><a href="mailto:srzeppa@sigma.edu.pl">srzeppa@sigma.edu.pl</a></td><td><a href="$www">http://CwaniakZGrzywo.com</a></td></tr><tr style="background: orange"><td>5</td><td>Gorski</td><td>Michal</td><td>
			80-530
			Gdansk
			Zabianka
			7
			12
		</td><td>493597824</td><td>609203699</td><td><a href="mailto:dajminazwe@gmail.com">dajminazwe@gmail.com</a></td><td><a href="$www">http://NaGorzeRoze.pl</a></td></tr><tr><td>6</td><td>Krajnik</td><td>Wiktor</td><td>
			83-262
			Czarna Woda
			Okrezna
			12
		</td><td>594826767</td><td>504491301</td><td><a href="mailto:psyholl990@gmail.com">psyholl990@gmail.com</a></td><td><a href="$www">http://psyhol990.pl</a></td></tr></table><h2>GRUPA:Zdrowie</h2><table style="border: 2px solid black;background:yellow;"><tr><td style="width:30px">Nr</td><td>Nazwisko</td><td>Imie</td><td>Adres</td><td>gg</td><td>Telefon</td><td>email</td><td>www</td></tr><tr style="background: orange"><td>7</td><td>Sorbian</td><td>Anna</td><td>
			80-283
			Gdansk
			Mysliwska
			56
			3
		</td><td/><td>396186386</td><td><a href="mailto:recepcja@stomrodzinna.pl">recepcja@stomrodzinna.pl</a></td><td><a href="$www">http://stomatologiaRodzinna.pl</a></td></tr><tr><td>8</td><td>Marcinkiewicz</td><td>Jaroslaw</td><td>
			92-436
			Gdynia
			Morska
			5
		</td><td/><td>563189376</td><td><a href="mailto:jmarcin@o2.pl">jmarcin@o2.pl</a></td><td><a href="$www">http://JarekZegarek.pl</a></td></tr></table><h2>GRUPA:Praca</h2><table style="border: 2px solid black;background:yellow;"><tr><td style="width:30px">Nr</td><td>Nazwisko</td><td>Imie</td><td>Adres</td><td>gg</td><td>Telefon</td><td>email</td><td>www</td></tr><tr style="background: orange"><td>9</td><td>Gates</td><td>Bill</td><td>
			11-777
			Redmond
			Northeast 36th
			7
		</td><td/><td>453916111</td><td><a href="mailto:billxd@outlook.com">billxd@outlook.com</a></td><td><a href="$www">http://msBillGates.com</a></td></tr></table><h2>Kobitki z gmail :) </h2><table style="border: 2px solid black;background:yellow;"><tr><td>Imie</td><td>Nazwisko</td><td>email</td></tr><tr><td>Hallman-Jaszczyszyn</td><td>Monika</td><td>monia86@gmail.com</td></tr></table><h2>Chopy z mylionami :)</h2><table style="border: 2px solid black;background:yellow;"><tr><td>Nazwisko</td><td>Imie</td><td>gg</td><td>Telefon</td><td>Myliony</td></tr><tr><td>Krajnik</td><td>Wiktor</td><td>594826767</td><td>504491301</td><td>1099318068</td></tr><tr><td>Gorski</td><td>Michal</td><td>493597824</td><td>609203699</td><td>1102801523</td></tr><tr><td>Jaszczyszyn</td><td>Szymon</td><td>873922744</td><td>663137727</td><td>1537060471</td></tr></table></body></html>
