<?xml version="1.0" encoding="UTF-8"?><?xml-stylesheet href="stylesheet.css" type="text/css"?><table xmlns:mv="http://moviesRT">
<caption>Number of movies : 56</caption>
<header>
<cell>N</cell>
<cell>Title</cell>
<cell>Release Date</cell>
<cell>Directors</cell>
<cell>Actors</cell>
<cell>Vote average</cell>
<cell>Vote count</cell>
</header>
<row>
<cell>1</cell>
<cell>Carola: Jubileumsshowen</cell>
<cell/>
<cell/>
<cell>Carola Häggkvist, Therese Löf, Michael Blomqvist</cell>
<cell>8.0</cell>
<cell>1</cell>
</row>
<row>
<cell>2</cell>
<cell>The Lord of the Rings: The Return of the King</cell>
<cell/>
<cell/>
<cell>Elijah Wood, Ian McKellen, Viggo Mortensen</cell>
<cell>7.5</cell>
<cell>3215</cell>
</row>
<row>
<cell>3</cell>
<cell>Deus Irae</cell>
<cell/>
<cell/>
<cell>Gastón Ricaud, Bernarda Pagés, Ana Pauls</cell>
<cell>7.5</cell>
<cell>1</cell>
</row>
<row>
<cell>4</cell>
<cell>The Lord of the Rings: The Fellowship of the Ring</cell>
<cell/>
<cell/>
<cell>Elijah Wood, Ian McKellen, Viggo Mortensen</cell>
<cell>7.4</cell>
<cell>3417</cell>
</row>
<row>
<cell>5</cell>
<cell>The Lord of the Rings: The Two Towers</cell>
<cell/>
<cell/>
<cell>Elijah Wood, Ian McKellen, Viggo Mortensen</cell>
<cell>7.4</cell>
<cell>2786</cell>
</row>
<row>
<cell>6</cell>
<cell>Palombella rossa</cell>
<cell/>
<cell/>
<cell>Nanni Moretti, Silvio Orlando, Asia Argento</cell>
<cell>7.0</cell>
<cell>2</cell>
</row>
<row>
<cell>7</cell>
<cell>Doctor In The House</cell>
<cell/>
<cell/>
<cell>Dirk Bogarde, Muriel Pavlow, Kenneth More</cell>
<cell>7.0</cell>
<cell>1</cell>
</row>
<row>
<cell>8</cell>
<cell>Stony Island</cell>
<cell/>
<cell/>
<cell/>
<cell>7.0</cell>
<cell>1</cell>
</row>
<row>
<cell>9</cell>
<cell>Damien: Omen II</cell>
<cell/>
<cell/>
<cell>William Holden, Lee Grant, Jonathan Scott-Taylor</cell>
<cell>6.9</cell>
<cell>22</cell>
</row>
<row>
<cell>10</cell>
<cell>Summerfield</cell>
<cell/>
<cell/>
<cell>Nick Tate, John Waters, Elizabeth Alexander</cell>
<cell>6.3</cell>
<cell>3</cell>
</row>
<row>
<cell>11</cell>
<cell>The Lord of the Rings</cell>
<cell/>
<cell/>
<cell>Christopher Guard, William Squire, Michael Scholes</cell>
<cell>6.1</cell>
<cell>27</cell>
</row>
<row>
<cell>12</cell>
<cell>I Have To Buy New Shoes</cell>
<cell/>
<cell/>
<cell>Miho Nakayama, Mirei Kiritani, Osamu Mukai</cell>
<cell>6.0</cell>
<cell>4</cell>
</row>
<row>
<cell>13</cell>
<cell>Chaplin Today: Monsieur Verdoux</cell>
<cell/>
<cell/>
<cell>Claude Chabrol, Norman Lloyd</cell>
<cell>6.0</cell>
<cell>1</cell>
</row>
<row>
<cell>14</cell>
<cell>Hop</cell>
<cell/>
<cell/>
<cell>Russell Brand, James Marsden, Kaley Cuoco</cell>
<cell>5.4</cell>
<cell>75</cell>
</row>
<row>
<cell>15</cell>
<cell>The Haunted School</cell>
<cell/>
<cell/>
<cell>Macy Chan, Steven Cheung</cell>
<cell>5.0</cell>
<cell>1</cell>
</row>
<row>
<cell>16</cell>
<cell>Bez Muzhchin</cell>
<cell/>
<cell/>
<cell>Nadezhda Mikhalkova, Vera Voronkova, Mikhail Porechenkov</cell>
<cell>5.0</cell>
<cell>1</cell>
</row>
<row>
<cell>17</cell>
<cell>La Notte del mio primo amore</cell>
<cell/>
<cell/>
<cell>Claudia Venturini, Damiano Verrocchi, Alice Visconti</cell>
<cell>4.0</cell>
<cell>1</cell>
</row>
<row>
<cell>18</cell>
<cell>Vi på Väddö</cell>
<cell/>
<cell/>
<cell>Ann-Marie Gyllenspetz, Bengt Brunskog, Karl-Arne Holmsten</cell>
<cell>4.0</cell>
<cell>1</cell>
</row>
<row>
<cell>19</cell>
<cell>Isle of Forgotten Sins</cell>
<cell/>
<cell/>
<cell>John Carradine, Gale Sondergaard, Sidney Toler</cell>
<cell>4.0</cell>
<cell>1</cell>
</row>
<row>
<cell>20</cell>
<cell>Escape from Cell Block 3</cell>
<cell/>
<cell/>
<cell>Carolyn Judd, Teri Guzman, Bruce Kimball</cell>
<cell>3.5</cell>
<cell>1</cell>
</row>
<row>
<cell>21</cell>
<cell>Zombie Bankers</cell>
<cell/>
<cell/>
<cell>Kristin Bentley, Patrick A. Cameron, Jodi Cook</cell>
<cell>1.0</cell>
<cell>1</cell>
</row>
<row>
<cell>22</cell>
<cell>The Hollywood Ten</cell>
<cell/>
<cell/>
<cell>Alvah Bessie, Herbert J. Biberman, Lester Cole</cell>
<cell/>
<cell/>
</row>
<row>
<cell>23</cell>
<cell>Rhinoceros</cell>
<cell/>
<cell/>
<cell>Zero Mostel, Gene Wilder, Karen Black</cell>
<cell/>
<cell/>
</row>
<row>
<cell>24</cell>
<cell>Black Cat in Jail</cell>
<cell/>
<cell/>
<cell/>
<cell/>
<cell/>
</row>
<row>
<cell>25</cell>
<cell>Kiss [1983] If It Is Too Loud, You Are Too Old</cell>
<cell/>
<cell/>
<cell>Gene Simmons, Paul Stanley, Eric Carr</cell>
<cell/>
<cell/>
</row>
<row>
<cell>26</cell>
<cell>Beyond the Law</cell>
<cell/>
<cell/>
<cell>Rip Torn, Norman Mailer, George Plimpton</cell>
<cell/>
<cell/>
</row>
<row>
<cell>27</cell>
<cell>Play Ball! Basic Fielding</cell>
<cell/>
<cell/>
<cell/>
<cell/>
<cell/>
</row>
<row>
<cell>28</cell>
<cell>The Heart</cell>
<cell/>
<cell/>
<cell>Masayuki Mori, Michiyo Aratama, Tatsuya Mihashi</cell>
<cell/>
<cell/>
</row>
<row>
<cell>29</cell>
<cell>Don Cherry's Rock'em Sock'em Hockey</cell>
<cell/>
<cell/>
<cell>Don Cherry</cell>
<cell/>
<cell/>
</row>
<row>
<cell>30</cell>
<cell>Smooch</cell>
<cell/>
<cell/>
<cell>Kellie Martin, Kiernan Shipka, Nick Ullett</cell>
<cell/>
<cell/>
</row>
<row>
<cell>31</cell>
<cell>Švestka</cell>
<cell/>
<cell/>
<cell>Ladislav Smoljak, Petr Reidinger, Jan Kašpar</cell>
<cell/>
<cell/>
</row>
<row>
<cell>32</cell>
<cell>NightScream</cell>
<cell/>
<cell/>
<cell>Candace Cameron Bure, Casper Van Dien, Denis Arndt</cell>
<cell/>
<cell/>
</row>
<row>
<cell>33</cell>
<cell>The Offspring - Rock in Rio 2012</cell>
<cell/>
<cell/>
<cell/>
<cell/>
<cell/>
</row>
<row>
<cell>34</cell>
<cell>Discoveries Ireland</cell>
<cell/>
<cell/>
<cell/>
<cell/>
<cell/>
</row>
<row>
<cell>35</cell>
<cell>Little Dutch Plate</cell>
<cell/>
<cell/>
<cell/>
<cell/>
<cell/>
</row>
<row>
<cell>36</cell>
<cell>TotalMix QuickFix</cell>
<cell/>
<cell/>
<cell/>
<cell/>
<cell/>
</row>
<row>
<cell>37</cell>
<cell>Savatage: Cologne Germany</cell>
<cell/>
<cell/>
<cell/>
<cell/>
<cell/>
</row>
<row>
<cell>38</cell>
<cell>Hagbard and Signe</cell>
<cell/>
<cell/>
<cell/>
<cell/>
<cell/>
</row>
<row>
<cell>39</cell>
<cell>Flim Flam Fountain</cell>
<cell/>
<cell/>
<cell/>
<cell/>
<cell/>
</row>
<row>
<cell>40</cell>
<cell>Matriarche</cell>
<cell/>
<cell/>
<cell>Catherine Badet-Corniou, Adrien Bienvenu</cell>
<cell/>
<cell/>
</row>
<row>
<cell>41</cell>
<cell>Cry Wilderness</cell>
<cell/>
<cell/>
<cell/>
<cell/>
<cell/>
</row>
<row>
<cell>42</cell>
<cell>Sfida al diavolo</cell>
<cell/>
<cell/>
<cell>Christopher Lee, Bella Cortez, Piero Vida</cell>
<cell/>
<cell/>
</row>
<row>
<cell>43</cell>
<cell>Window Shopping</cell>
<cell/>
<cell/>
<cell/>
<cell/>
<cell/>
</row>
<row>
<cell>44</cell>
<cell>Flora</cell>
<cell/>
<cell/>
<cell/>
<cell/>
<cell/>
</row>
<row>
<cell>45</cell>
<cell>The Houses of Hristina</cell>
<cell/>
<cell/>
<cell/>
<cell/>
<cell/>
</row>
<row>
<cell>46</cell>
<cell>Claire Berolina</cell>
<cell/>
<cell/>
<cell>Maria Mallé, Dorit Gäbler</cell>
<cell/>
<cell/>
</row>
<row>
<cell>47</cell>
<cell>La patrulla</cell>
<cell/>
<cell/>
<cell>Conrado San Martín, Marisa de Leza, José María Rodero</cell>
<cell/>
<cell/>
</row>
<row>
<cell>48</cell>
<cell>Philippino Story</cell>
<cell/>
<cell/>
<cell>Mark Gil, Jun Jun Quintana, Nor Domingo</cell>
<cell/>
<cell/>
</row>
<row>
<cell>49</cell>
<cell>Insanity</cell>
<cell/>
<cell/>
<cell/>
<cell/>
<cell/>
</row>
<row>
<cell>50</cell>
<cell>Afín del cine</cell>
<cell/>
<cell/>
<cell/>
<cell/>
<cell/>
</row>
<row>
<cell>51</cell>
<cell>Mountain: Live in Texas</cell>
<cell/>
<cell/>
<cell/>
<cell/>
<cell/>
</row>
<row>
<cell>52</cell>
<cell>Nefarious</cell>
<cell/>
<cell/>
<cell>Kim Bodnia, Tygo Gernandt, Antonie Kamerling</cell>
<cell/>
<cell/>
</row>
<row>
<cell>53</cell>
<cell>Maanikyan</cell>
<cell/>
<cell/>
<cell>Kalabhavan Mani, Kausalya, Jagathy Sreekumar</cell>
<cell/>
<cell/>
</row>
<row>
<cell>54</cell>
<cell>Pancho Barnes</cell>
<cell/>
<cell/>
<cell/>
<cell/>
<cell/>
</row>
<row>
<cell>55</cell>
<cell>Full Film izle</cell>
<cell/>
<cell/>
<cell/>
<cell/>
<cell/>
</row>
<row>
<cell>56</cell>
<cell>Start with Us</cell>
<cell/>
<cell/>
<cell/>
<cell/>
<cell/>
</row>
</table>
