<realestates:garageBuy xmlns:xlink="http://www.w3.org/1999/xlink" xmlns:realestates="http://rest.immobilienscout24.de/schema/offer/realestates/1.0">
  <externalId>garageBuy_max</externalId>
  <title>RestAPI - Immobilienscout24 Testobjekt! +++BITTE+++ NICHT kontaktieren Garage Kauf</title>
  <creationDate>2011-01-19T21:59:34.000+01:00</creationDate>
  <lastModificationDate>2012-01-19T21:59:34.000+01:00</lastModificationDate>
  <address>
      <street>Heuersdorfer Str</street>
      <houseNumber>26</houseNumber>
      <postcode>04574</postcode>
      <city>Heuersdorf</city>
      <wgs84Coordinate>
        <latitude>51.123</latitude>
        <longitude>12.345</longitude>
      </wgs84Coordinate>
      <geoHierarchy>
         <continent>
            <geoCodeId>1</geoCodeId>
            <fullGeoCodeId>1</fullGeoCodeId>
         </continent>
         <country>
            <geoCodeId>276</geoCodeId>
            <fullGeoCodeId>1276</fullGeoCodeId>
         </country>
         <region>
            <geoCodeId>3</geoCodeId>
            <fullGeoCodeId>1276003</fullGeoCodeId>
         </region>
         <city>
            <geoCodeId>1</geoCodeId>
            <fullGeoCodeId>1276003001</fullGeoCodeId>
         </city>
         <quarter>
            <geoCodeId>17</geoCodeId>
            <fullGeoCodeId>1276003001017</fullGeoCodeId>
         </quarter>
         <neighbourhood>
             <geoCodeId>11000000002348</geoCodeId>
         </neighbourhood>
      </geoHierarchy>
    </address>
  <apiSearchData>
      <searchField1>Shopping</searchField1>
      <searchField2>Szene</searchField2>
      <searchField3>Günstig</searchField3>
  </apiSearchData>
  <groupNumber>124</groupNumber>
  <descriptionNote>Tolle Gelegenheit</descriptionNote>
  <furnishingNote>Ohne Möbel</furnishingNote>
  <locationNote>Auf einem Berg</locationNote>
  <otherNote>Anders</otherNote>
  <showAddress>true</showAddress>
  <contact id="59392103"/>
  <price>
    <value>1000000.00</value>
    <currency>EUR</currency>
    <marketingType>PURCHASE</marketingType>
    <priceIntervalType>ONE_TIME_CHARGE</priceIntervalType>
  </price>
  <usableFloorSpace>18.7</usableFloorSpace>
  <courtage>
    <hasCourtage>YES</hasCourtage>
    <courtage>1500 Eur</courtage>
    <courtageNote>In Raten zahlbar</courtageNote>
  </courtage>
  <garageType>STREET_PARKING</garageType>
  <constructionYear>2010</constructionYear>
  <lengthGarage>7</lengthGarage>
  <widthGarage>8</widthGarage>
  <heightGarage>9</heightGarage>
  <condition>NEGOTIABLE</condition>
  <lastRefurbishment>2011</lastRefurbishment>
</realestates:garageBuy>
