<?xml version="1.0" encoding="UTF-8"?>
<foo:Foo xmlns:foo="http://example.com/foo#" xmlns:ds="http://www.w3.org/2000/09/xmldsig#" xmlns:ec="http://www.w3.org/2001/10/xml-exc-c14n#" ID="foo">
  <foo:Bar>bar</foo:Bar>
  <ds:Signature>
    <ds:SignedInfo>
      <ds:CanonicalizationMethod Algorithm="http://www.w3.org/2001/10/xml-exc-c14n#WithComments"/>
      <ds:SignatureMethod Algorithm="http://www.w3.org/2001/04/xmldsig-more#rsa-sha256"/>
      <ds:Reference URI="#foo">
        <ds:Transforms>
          <ds:Transform Algorithm="http://www.w3.org/2000/09/xmldsig#enveloped-signature"/>
          <ds:Transform Algorithm="http://www.w3.org/2001/10/xml-exc-c14n#WithComments">
            <ec:InclusiveNamespaces PrefixList="foo"/>
          </ds:Transform>
        </ds:Transforms>
        <ds:DigestMethod Algorithm="http://www.w3.org/2001/04/xmlenc#sha256"/>
        <ds:DigestValue></ds:DigestValue>
      </ds:Reference>
    </ds:SignedInfo>
    <ds:SignatureValue></ds:SignatureValue>
  </ds:Signature>
</foo:Foo>
