<?xml version="1.0" encoding="UTF-8"?>
<classpath>
	<classpathentry kind="src" path="src"/>
	<classpathentry kind="con" path="org.eclipse.jdt.launching.JRE_CONTAINER/org.eclipse.jdt.internal.debug.ui.launcher.StandardVMType/JavaSE-1.6"/>
	<classpathentry kind="lib" path="D:/CESARE/CESARE/Stage 2016/CESARE JAVA/01_Programme_nom du logiciel/04_Bibliotheque utilisee si besoin/xerces-2_11_0/xml-apis.jar"/>
	<classpathentry kind="lib" path="D:/CESARE/CESARE/Stage 2016/CESARE JAVA/01_Programme_nom du logiciel/04_Bibliotheque utilisee si besoin/xerces-2_11_0/xercesImpl.jar"/>
	<classpathentry kind="lib" path="D:/CESARE/CESARE/Stage 2016/CESARE JAVA/01_Programme_nom du logiciel/04_Bibliotheque utilisee si besoin/xerces-2_11_0/resolver.jar"/>
	<classpathentry kind="lib" path="D:/CESARE/CESARE/Stage 2016/CESARE JAVA/01_Programme_nom du logiciel/04_Bibliotheque utilisee si besoin/xerces-2_11_0/serializer.jar"/>
	<classpathentry kind="lib" path="D:/CESARE/CESARE/Stage 2016/CESARE JAVA/01_Programme_nom du logiciel/04_Bibliotheque utilisee si besoin/xerces-2_11_0/xercesSamples.jar"/>
	<classpathentry kind="output" path="bin"/>
</classpath>
