<?xml version="1.0" encoding="utf-8"?>
<resources>
    <string-array name="calendar_remind_string_array">
        <item>Esta noche</item>
        <item>Mañana</item>
        <item>Fin de semana</item>
        <item>Próxima semana</item>
        <item>Próximo mes</item>
        <item>Elegir fecha</item>
    </string-array>
    <string-array name="compose_modes">
        <item>Responder</item>
        <item>Responder a todos</item>
        <item>Reenviar</item>
    </string-array>
    <string-array name="general_preference_text_zoom_summary_array">
        <item>Texto diminuto</item>
        <item>Texto pequeño</item>
        <item>Texto normal</item>
        <item>Texto grande</item>
        <item>Texto enorme</item>
    </string-array>
    <string-array name="menu_att_mgr_sort_string_array">
        <item>Recientes</item>
        <item>Formato</item>
        <item>Nombre</item>
        <item>Remitente</item>
        <item>Fecha</item>
    </string-array>
    <string-array name="moveto_folder_sections">
        <item>Sistema</item>
        <item>Usados con frecuencia</item>
        <item>Todas las carpetas</item>
    </string-array>
    <string-array name="prefEntries_autoAdvance">
        <item>Más reciente</item>
        <item>Más antiguo</item>
        <item>Lista de conversaciones</item>
    </string-array>
    <string-array name="signature_normal_string_array">
        <item>Blog:</item>
        <item>Sitio:</item>
        <item>Email:</item>
        <item>Móvil:</item>
        <item>Teléfono:</item>
        <item>T:</item>
        <item>www.</item>
        <item>F:</item>
        <item>E:</item>
        <item>E-mail:</item>
        <item>Tel:</item>
        <item>Fax:</item>
        <item>Correspondencia:</item>
        <item>QQ:</item>
        <item>MSN:</item>
    </string-array>
    <string-array name="signature_normal_string_array_next">
        <item>Dirección:</item>
        <item>Tel:</item>
        <item>Nombre:</item>
        <item>Email:</item>
        <item>Móvil:</item>
        <item>WeChat:</item>
        <item>Fax:</item>
        <item>Código postal:</item>
    </string-array>
    <string-array name="signature_special_string_array">
        <item>Renuncia:</item>
        <item>Renuncia email</item>
        <item>Enviado via WPSMail</item>
        <item>Enviado desde</item>
        <item>Enviado con</item>
        <item>Gracias,</item>
        <item>Atentamente</item>
    </string-array>
    <string-array name="signature_special_string_array_next">
        <item>Gracias,</item>
        <item>Atentamente</item>
        <item>Enviado desde mi</item>
        <item>Email original</item>
        <item>Enviado desde mi</item>
        <item>Enviado desde</item>
        <item>Desde</item>
        <item>Este email</item>
        <item>Renuncia</item>
        <item>Renuncia email</item>
    </string-array>
    <string-array name="smtp_host_prefixes">
        <item>pop3</item>
        <item>pop</item>
        <item>imap</item>
    </string-array>
</resources>
