<?xml version="1.0" encoding="UTF-8"?>
<project version="4">
  <component name="ChangeListManager">
    <list default="true" id="2fe7b187-50d9-430b-8e54-4f51e4bf77da" name="Default" comment="" />
    <ignored path="xmlsoccer.iws" />
    <ignored path=".idea/workspace.xml" />
    <option name="TRACKING_ENABLED" value="true" />
    <option name="SHOW_DIALOG" value="false" />
    <option name="HIGHLIGHT_CONFLICTS" value="true" />
    <option name="HIGHLIGHT_NON_ACTIVE_CHANGELIST" value="false" />
    <option name="LAST_RESOLUTION" value="IGNORE" />
  </component>
  <component name="ChangesViewManager" flattened_view="true" show_ignored="false" />
  <component name="CreatePatchCommitExecutor">
    <option name="PATCH_PATH" value="" />
  </component>
  <component name="DaemonCodeAnalyzer">
    <disable_hints />
  </component>
  <component name="ExecutionTargetManager" SELECTED_TARGET="default_target" />
  <component name="FavoritesManager">
    <favorites_list name="xmlsoccer" />
  </component>
  <component name="FileEditorManager">
    <leaf>
      <file leaf-file-name="xmlsoccer.py" pinned="false" current="false" current-in-tab="false">
        <entry file="file://$PROJECT_DIR$/xmlsoccer/xmlsoccer.py">
          <provider selected="true" editor-type-id="text-editor">
            <state vertical-scroll-proportion="37.68" vertical-offset="1104" max-vertical-offset="1872">
              <caret line="9" column="11" selection-start-line="9" selection-start-column="11" selection-end-line="9" selection-end-column="11" />
              <folding>
                <element signature="e#0#15#0" expanded="true" />
              </folding>
            </state>
          </provider>
        </entry>
      </file>
      <file leaf-file-name="setup.py" pinned="false" current="true" current-in-tab="true">
        <entry file="file://$PROJECT_DIR$/setup.py">
          <provider selected="true" editor-type-id="text-editor">
            <state vertical-scroll-proportion="0.36923078" vertical-offset="0" max-vertical-offset="390">
              <caret line="8" column="19" selection-start-line="8" selection-start-column="19" selection-end-line="8" selection-end-column="19" />
              <folding />
            </state>
          </provider>
        </entry>
      </file>
      <file leaf-file-name="HISTORY.rst" pinned="false" current="false" current-in-tab="false">
        <entry file="file://$PROJECT_DIR$/HISTORY.rst">
          <provider selected="true" editor-type-id="text-editor">
            <state vertical-scroll-proportion="0.0" vertical-offset="0" max-vertical-offset="108">
              <caret line="0" column="0" selection-start-line="0" selection-start-column="0" selection-end-line="0" selection-end-column="0" />
              <folding />
            </state>
          </provider>
        </entry>
      </file>
      <file leaf-file-name="xmlsoccer_parser.py" pinned="false" current="false" current-in-tab="false">
        <entry file="file://$PROJECT_DIR$/../xmlsoccer_parser.py">
          <provider selected="true" editor-type-id="text-editor">
            <state vertical-scroll-proportion="0.0" vertical-offset="0" max-vertical-offset="3150">
              <caret line="0" column="0" selection-start-line="0" selection-start-column="0" selection-end-line="0" selection-end-column="0" />
              <folding />
            </state>
          </provider>
        </entry>
      </file>
      <file leaf-file-name="README.rst" pinned="false" current="false" current-in-tab="false">
        <entry file="file://$PROJECT_DIR$/README.rst">
          <provider selected="true" editor-type-id="text-editor">
            <state vertical-scroll-proportion="0.0" vertical-offset="72" max-vertical-offset="432">
              <caret line="4" column="0" selection-start-line="4" selection-start-column="0" selection-end-line="4" selection-end-column="0" />
              <folding />
            </state>
          </provider>
        </entry>
      </file>
      <file leaf-file-name="MANIFEST.in" pinned="false" current="false" current-in-tab="false">
        <entry file="file://$PROJECT_DIR$/MANIFEST.in">
          <provider selected="true" editor-type-id="text-editor">
            <state vertical-scroll-proportion="0.0" vertical-offset="0" max-vertical-offset="108">
              <caret line="0" column="38" selection-start-line="0" selection-start-column="38" selection-end-line="0" selection-end-column="38" />
              <folding />
            </state>
          </provider>
        </entry>
      </file>
    </leaf>
  </component>
  <component name="FindManager">
    <FindUsagesManager>
      <setting name="OPEN_NEW_TAB" value="false" />
    </FindUsagesManager>
  </component>
  <component name="IdeDocumentHistory">
    <option name="changedFiles">
      <list>
        <option value="$PROJECT_DIR$/test.py" />
        <option value="$PROJECT_DIR$/xmlsoccer_parser.py" />
        <option value="$PROJECT_DIR$/data.tsv" />
        <option value="$PROJECT_DIR$/vis.html" />
        <option value="$PROJECT_DIR$/data_viz.py" />
        <option value="$PROJECT_DIR$/../../Scripts/models/dixoncoles/dixoncoles.py" />
        <option value="$PROJECT_DIR$/xmlsoccer_functions.py" />
        <option value="$PROJECT_DIR$/../../Scripts/plot_functions.py" />
        <option value="$PROJECT_DIR$/pa_pythag.py" />
        <option value="$PROJECT_DIR$/../../Scripts/pa_dixon_coles.py" />
        <option value="$PROJECT_DIR$/xmlsoccer/xmlsoccer_functions.py" />
        <option value="$PROJECT_DIR$/README.rst" />
        <option value="$PROJECT_DIR$/xmlsoccer/__init__.py" />
        <option value="$PROJECT_DIR$/xmlsoccer/version" />
        <option value="$PROJECT_DIR$/MANIFEST.in" />
        <option value="$PROJECT_DIR$/LICENCE" />
        <option value="$PROJECT_DIR$/xmlsoccer/xmlsoccer.py" />
        <option value="$PROJECT_DIR$/setup.py" />
      </list>
    </option>
  </component>
  <component name="ProjectFrameBounds">
    <option name="x" value="-1" />
    <option name="y" value="24" />
    <option name="width" value="1368" />
    <option name="height" value="745" />
  </component>
  <component name="ProjectLevelVcsManager" settingsEditedManually="false">
    <OptionsSetting value="true" id="Add" />
    <OptionsSetting value="true" id="Remove" />
    <OptionsSetting value="true" id="Checkout" />
    <OptionsSetting value="true" id="Update" />
    <OptionsSetting value="true" id="Status" />
    <OptionsSetting value="true" id="Edit" />
    <ConfirmationsSetting value="0" id="Add" />
    <ConfirmationsSetting value="0" id="Remove" />
  </component>
  <component name="ProjectReloadState">
    <option name="STATE" value="0" />
  </component>
  <component name="ProjectView">
    <navigator currentView="ProjectPane" proportions="" version="1">
      <flattenPackages />
      <showMembers />
      <showModules />
      <showLibraryContents />
      <hideEmptyPackages />
      <abbreviatePackageNames />
      <autoscrollToSource />
      <autoscrollFromSource />
      <sortByType />
    </navigator>
    <panes>
      <pane id="ProjectPane">
        <subPane>
          <PATH>
            <PATH_ELEMENT>
              <option name="myItemId" value="xmlsoccer" />
              <option name="myItemType" value="com.intellij.ide.projectView.impl.nodes.ProjectViewProjectNode" />
            </PATH_ELEMENT>
          </PATH>
          <PATH>
            <PATH_ELEMENT>
              <option name="myItemId" value="xmlsoccer" />
              <option name="myItemType" value="com.intellij.ide.projectView.impl.nodes.ProjectViewProjectNode" />
            </PATH_ELEMENT>
            <PATH_ELEMENT>
              <option name="myItemId" value="xmlsoccer" />
              <option name="myItemType" value="com.intellij.ide.projectView.impl.nodes.PsiDirectoryNode" />
            </PATH_ELEMENT>
          </PATH>
          <PATH>
            <PATH_ELEMENT>
              <option name="myItemId" value="xmlsoccer" />
              <option name="myItemType" value="com.intellij.ide.projectView.impl.nodes.ProjectViewProjectNode" />
            </PATH_ELEMENT>
            <PATH_ELEMENT>
              <option name="myItemId" value="xmlsoccer" />
              <option name="myItemType" value="com.intellij.ide.projectView.impl.nodes.PsiDirectoryNode" />
            </PATH_ELEMENT>
            <PATH_ELEMENT>
              <option name="myItemId" value="xmlsoccer" />
              <option name="myItemType" value="com.intellij.ide.projectView.impl.nodes.PsiDirectoryNode" />
            </PATH_ELEMENT>
          </PATH>
        </subPane>
      </pane>
      <pane id="Scope" />
    </panes>
  </component>
  <component name="PropertiesComponent">
    <property name="last_opened_file_path" value="$PROJECT_DIR$/../../../../dev" />
    <property name="FullScreen" value="false" />
    <property name="options.lastSelected" value="editor.preferences.appearance" />
    <property name="options.splitter.main.proportions" value="0.3" />
    <property name="options.splitter.details.proportions" value="0.2" />
    <property name="options.searchVisible" value="true" />
    <property name="recentsLimit" value="5" />
    <property name="restartRequiresConfirmation" value="true" />
  </component>
  <component name="PyConsoleOptionsProvider">
    <option name="myPythonConsoleState">
      <console-settings />
    </option>
  </component>
  <component name="RunManager">
    <configuration default="true" type="tests" factoryName="py.test">
      <option name="INTERPRETER_OPTIONS" value="" />
      <option name="PARENT_ENVS" value="true" />
      <envs />
      <option name="SDK_HOME" value="" />
      <option name="WORKING_DIRECTORY" value="" />
      <option name="IS_MODULE_SDK" value="false" />
      <option name="ADD_CONTENT_ROOTS" value="true" />
      <option name="ADD_SOURCE_ROOTS" value="true" />
      <module name="xmlsoccer" />
      <option name="SCRIPT_NAME" value="" />
      <option name="CLASS_NAME" value="" />
      <option name="METHOD_NAME" value="" />
      <option name="FOLDER_NAME" value="" />
      <option name="TEST_TYPE" value="TEST_SCRIPT" />
      <option name="PATTERN" value="" />
      <option name="USE_PATTERN" value="false" />
      <option name="testToRun" value="" />
      <option name="keywords" value="" />
      <option name="params" value="" />
      <option name="USE_PARAM" value="false" />
      <option name="USE_KEYWORD" value="false" />
      <method />
    </configuration>
    <configuration default="true" type="tests" factoryName="Nosetests">
      <option name="INTERPRETER_OPTIONS" value="" />
      <option name="PARENT_ENVS" value="true" />
      <envs />
      <option name="SDK_HOME" value="" />
      <option name="WORKING_DIRECTORY" value="" />
      <option name="IS_MODULE_SDK" value="false" />
      <option name="ADD_CONTENT_ROOTS" value="true" />
      <option name="ADD_SOURCE_ROOTS" value="true" />
      <module name="xmlsoccer" />
      <option name="SCRIPT_NAME" value="" />
      <option name="CLASS_NAME" value="" />
      <option name="METHOD_NAME" value="" />
      <option name="FOLDER_NAME" value="" />
      <option name="TEST_TYPE" value="TEST_SCRIPT" />
      <option name="PATTERN" value="" />
      <option name="USE_PATTERN" value="false" />
      <option name="PARAMS" value="" />
      <option name="USE_PARAM" value="false" />
      <method />
    </configuration>
    <configuration default="true" type="PythonConfigurationType" factoryName="Python">
      <option name="INTERPRETER_OPTIONS" value="" />
      <option name="PARENT_ENVS" value="true" />
      <envs>
        <env name="PYTHONUNBUFFERED" value="1" />
      </envs>
      <option name="SDK_HOME" value="$USER_HOME$/anaconda/bin/python" />
      <option name="WORKING_DIRECTORY" value="" />
      <option name="IS_MODULE_SDK" value="false" />
      <option name="ADD_CONTENT_ROOTS" value="true" />
      <option name="ADD_SOURCE_ROOTS" value="true" />
      <module name="xmlsoccer" />
      <option name="SCRIPT_NAME" value="" />
      <option name="PARAMETERS" value="" />
      <method />
    </configuration>
    <configuration default="true" type="tests" factoryName="Unittests">
      <option name="INTERPRETER_OPTIONS" value="" />
      <option name="PARENT_ENVS" value="true" />
      <envs />
      <option name="SDK_HOME" value="" />
      <option name="WORKING_DIRECTORY" value="" />
      <option name="IS_MODULE_SDK" value="false" />
      <option name="ADD_CONTENT_ROOTS" value="true" />
      <option name="ADD_SOURCE_ROOTS" value="true" />
      <module name="xmlsoccer" />
      <option name="SCRIPT_NAME" value="" />
      <option name="CLASS_NAME" value="" />
      <option name="METHOD_NAME" value="" />
      <option name="FOLDER_NAME" value="" />
      <option name="TEST_TYPE" value="TEST_SCRIPT" />
      <option name="PATTERN" value="" />
      <option name="USE_PATTERN" value="false" />
      <option name="PUREUNITTEST" value="true" />
      <option name="PARAMS" value="" />
      <option name="USE_PARAM" value="false" />
      <method />
    </configuration>
    <configuration default="true" type="tests" factoryName="Doctests">
      <option name="INTERPRETER_OPTIONS" value="" />
      <option name="PARENT_ENVS" value="true" />
      <envs />
      <option name="SDK_HOME" value="" />
      <option name="WORKING_DIRECTORY" value="" />
      <option name="IS_MODULE_SDK" value="false" />
      <option name="ADD_CONTENT_ROOTS" value="true" />
      <option name="ADD_SOURCE_ROOTS" value="true" />
      <module name="xmlsoccer" />
      <option name="SCRIPT_NAME" value="" />
      <option name="CLASS_NAME" value="" />
      <option name="METHOD_NAME" value="" />
      <option name="FOLDER_NAME" value="" />
      <option name="TEST_TYPE" value="TEST_SCRIPT" />
      <option name="PATTERN" value="" />
      <option name="USE_PATTERN" value="false" />
      <method />
    </configuration>
    <configuration default="true" type="tests" factoryName="Attests">
      <option name="INTERPRETER_OPTIONS" value="" />
      <option name="PARENT_ENVS" value="true" />
      <envs />
      <option name="SDK_HOME" value="" />
      <option name="WORKING_DIRECTORY" value="" />
      <option name="IS_MODULE_SDK" value="false" />
      <option name="ADD_CONTENT_ROOTS" value="true" />
      <option name="ADD_SOURCE_ROOTS" value="true" />
      <module name="xmlsoccer" />
      <option name="SCRIPT_NAME" value="" />
      <option name="CLASS_NAME" value="" />
      <option name="METHOD_NAME" value="" />
      <option name="FOLDER_NAME" value="" />
      <option name="TEST_TYPE" value="TEST_SCRIPT" />
      <option name="PATTERN" value="" />
      <option name="USE_PATTERN" value="false" />
      <method />
    </configuration>
    <list size="0" />
  </component>
  <component name="ShelveChangesManager" show_recycled="false" />
  <component name="SvnConfiguration" maxAnnotateRevisions="500" myUseAcceleration="nothing" myAutoUpdateAfterCommit="false" cleanupOnStartRun="false" SSL_PROTOCOLS="all">
    <option name="USER" value="" />
    <option name="PASSWORD" value="" />
    <option name="mySSHConnectionTimeout" value="30000" />
    <option name="mySSHReadTimeout" value="30000" />
    <option name="LAST_MERGED_REVISION" />
    <option name="MERGE_DRY_RUN" value="false" />
    <option name="MERGE_DIFF_USE_ANCESTRY" value="true" />
    <option name="UPDATE_LOCK_ON_DEMAND" value="false" />
    <option name="IGNORE_SPACES_IN_MERGE" value="false" />
    <option name="CHECK_NESTED_FOR_QUICK_MERGE" value="false" />
    <option name="IGNORE_SPACES_IN_ANNOTATE" value="true" />
    <option name="SHOW_MERGE_SOURCES_IN_ANNOTATE" value="true" />
    <option name="FORCE_UPDATE" value="false" />
    <option name="IGNORE_EXTERNALS" value="false" />
    <myIsUseDefaultProxy>false</myIsUseDefaultProxy>
  </component>
  <component name="TaskManager">
    <task active="true" id="Default" summary="Default task">
      <changelist id="2fe7b187-50d9-430b-8e54-4f51e4bf77da" name="Default" comment="" />
      <created>1395176515820</created>
      <updated>1395176515820</updated>
    </task>
    <servers />
  </component>
  <component name="ToolWindowManager">
    <frame x="-1" y="24" width="1368" height="745" extended-state="6" />
    <editor active="true" />
    <layout>
      <window_info id="Changes" active="false" anchor="bottom" auto_hide="false" internal_type="DOCKED" type="DOCKED" visible="false" weight="0.33" sideWeight="0.5" order="7" side_tool="false" content_ui="tabs" />
      <window_info id="Terminal" active="false" anchor="bottom" auto_hide="false" internal_type="DOCKED" type="DOCKED" visible="false" weight="0.32901135" sideWeight="0.5" order="7" side_tool="false" content_ui="tabs" />
      <window_info id="TODO" active="false" anchor="bottom" auto_hide="false" internal_type="DOCKED" type="DOCKED" visible="false" weight="0.33" sideWeight="0.5" order="6" side_tool="false" content_ui="tabs" />
      <window_info id="Structure" active="false" anchor="left" auto_hide="false" internal_type="DOCKED" type="DOCKED" visible="false" weight="0.18289962" sideWeight="0.5" order="1" side_tool="false" content_ui="tabs" />
      <window_info id="Project" active="false" anchor="left" auto_hide="false" internal_type="DOCKED" type="DOCKED" visible="true" weight="0.21742313" sideWeight="0.5" order="0" side_tool="false" content_ui="combo" />
      <window_info id="Debug" active="false" anchor="bottom" auto_hide="false" internal_type="DOCKED" type="DOCKED" visible="false" weight="0.4" sideWeight="0.5" order="3" side_tool="false" content_ui="tabs" />
      <window_info id="Favorites" active="false" anchor="left" auto_hide="false" internal_type="DOCKED" type="DOCKED" visible="false" weight="0.33" sideWeight="0.5" order="2" side_tool="true" content_ui="tabs" />
      <window_info id="Event Log" active="false" anchor="bottom" auto_hide="false" internal_type="DOCKED" type="DOCKED" visible="false" weight="0.33" sideWeight="0.5" order="7" side_tool="true" content_ui="tabs" />
      <window_info id="Run" active="false" anchor="bottom" auto_hide="false" internal_type="DOCKED" type="DOCKED" visible="false" weight="0.32415903" sideWeight="0.5" order="2" side_tool="false" content_ui="tabs" />
      <window_info id="Version Control" active="false" anchor="bottom" auto_hide="false" internal_type="DOCKED" type="DOCKED" visible="false" weight="0.33" sideWeight="0.5" order="7" side_tool="false" content_ui="tabs" />
      <window_info id="Cvs" active="false" anchor="bottom" auto_hide="false" internal_type="DOCKED" type="DOCKED" visible="false" weight="0.25" sideWeight="0.5" order="4" side_tool="false" content_ui="tabs" />
      <window_info id="Message" active="false" anchor="bottom" auto_hide="false" internal_type="DOCKED" type="DOCKED" visible="false" weight="0.33" sideWeight="0.5" order="0" side_tool="false" content_ui="tabs" />
      <window_info id="Ant Build" active="false" anchor="right" auto_hide="false" internal_type="DOCKED" type="DOCKED" visible="false" weight="0.25" sideWeight="0.5" order="1" side_tool="false" content_ui="tabs" />
      <window_info id="Find" active="false" anchor="bottom" auto_hide="false" internal_type="DOCKED" type="DOCKED" visible="false" weight="0.3284553" sideWeight="0.5" order="1" side_tool="false" content_ui="tabs" />
      <window_info id="Commander" active="false" anchor="right" auto_hide="false" internal_type="SLIDING" type="SLIDING" visible="false" weight="0.4" sideWeight="0.5" order="0" side_tool="false" content_ui="tabs" />
      <window_info id="Hierarchy" active="false" anchor="right" auto_hide="false" internal_type="DOCKED" type="DOCKED" visible="false" weight="0.25" sideWeight="0.5" order="2" side_tool="false" content_ui="combo" />
      <window_info id="Inspection" active="false" anchor="bottom" auto_hide="false" internal_type="DOCKED" type="DOCKED" visible="false" weight="0.4" sideWeight="0.5" order="5" side_tool="false" content_ui="tabs" />
    </layout>
    <layout-to-restore>
      <window_info id="Cvs" active="false" anchor="bottom" auto_hide="false" internal_type="DOCKED" type="DOCKED" visible="false" weight="0.25" sideWeight="0.5" order="4" side_tool="false" content_ui="tabs" />
      <window_info id="Changes" active="false" anchor="bottom" auto_hide="false" internal_type="DOCKED" type="DOCKED" visible="false" weight="0.33" sideWeight="0.5" order="7" side_tool="false" content_ui="tabs" />
      <window_info id="Terminal" active="false" anchor="bottom" auto_hide="false" internal_type="DOCKED" type="DOCKED" visible="false" weight="0.32901135" sideWeight="0.5" order="8" side_tool="false" content_ui="tabs" />
      <window_info id="Message" active="false" anchor="bottom" auto_hide="false" internal_type="DOCKED" type="DOCKED" visible="false" weight="0.33" sideWeight="0.5" order="0" side_tool="false" content_ui="tabs" />
      <window_info id="Find" active="false" anchor="bottom" auto_hide="false" internal_type="DOCKED" type="DOCKED" visible="false" weight="0.32901135" sideWeight="0.5" order="1" side_tool="false" content_ui="tabs" />
      <window_info id="Ant Build" active="false" anchor="right" auto_hide="false" internal_type="DOCKED" type="DOCKED" visible="false" weight="0.25" sideWeight="0.5" order="1" side_tool="false" content_ui="tabs" />
      <window_info id="Debug" active="false" anchor="bottom" auto_hide="false" internal_type="DOCKED" type="DOCKED" visible="false" weight="0.4" sideWeight="0.5" order="3" side_tool="false" content_ui="tabs" />
      <window_info id="Favorites" active="false" anchor="left" auto_hide="false" internal_type="DOCKED" type="DOCKED" visible="false" weight="0.33" sideWeight="0.5" order="2" side_tool="true" content_ui="tabs" />
      <window_info id="Event Log" active="false" anchor="bottom" auto_hide="false" internal_type="DOCKED" type="DOCKED" visible="false" weight="0.33" sideWeight="0.5" order="9" side_tool="true" content_ui="tabs" />
      <window_info id="Version Control" active="false" anchor="bottom" auto_hide="false" internal_type="DOCKED" type="DOCKED" visible="false" weight="0.33" sideWeight="0.5" order="10" side_tool="false" content_ui="tabs" />
      <window_info id="TODO" active="false" anchor="bottom" auto_hide="false" internal_type="DOCKED" type="DOCKED" visible="false" weight="0.33" sideWeight="0.5" order="6" side_tool="false" content_ui="tabs" />
      <window_info id="Structure" active="false" anchor="left" auto_hide="false" internal_type="DOCKED" type="DOCKED" visible="false" weight="0.18289962" sideWeight="0.5" order="1" side_tool="false" content_ui="tabs" />
      <window_info id="Commander" active="false" anchor="right" auto_hide="false" internal_type="SLIDING" type="SLIDING" visible="false" weight="0.4" sideWeight="0.5" order="0" side_tool="false" content_ui="tabs" />
      <window_info id="Project" active="false" anchor="left" auto_hide="false" internal_type="DOCKED" type="DOCKED" visible="true" weight="0.19628252" sideWeight="0.5" order="0" side_tool="false" content_ui="combo" />
      <window_info id="Run" active="false" anchor="bottom" auto_hide="false" internal_type="DOCKED" type="DOCKED" visible="true" weight="0.32901135" sideWeight="0.5" order="2" side_tool="false" content_ui="tabs" />
      <window_info id="Hierarchy" active="false" anchor="right" auto_hide="false" internal_type="DOCKED" type="DOCKED" visible="false" weight="0.25" sideWeight="0.5" order="2" side_tool="false" content_ui="combo" />
      <window_info id="Inspection" active="false" anchor="bottom" auto_hide="false" internal_type="DOCKED" type="DOCKED" visible="false" weight="0.4" sideWeight="0.5" order="5" side_tool="false" content_ui="tabs" />
    </layout-to-restore>
  </component>
  <component name="Vcs.Log.UiProperties">
    <option name="RECENTLY_FILTERED_USER_GROUPS">
      <collection />
    </option>
    <option name="RECENTLY_FILTERED_BRANCH_GROUPS">
      <collection />
    </option>
  </component>
  <component name="VcsContentAnnotationSettings">
    <option name="myLimit" value="2678400000" />
  </component>
  <component name="VcsManagerConfiguration">
    <option name="myTodoPanelSettings">
      <TodoPanelSettings />
    </option>
  </component>
  <component name="XDebuggerManager">
    <breakpoint-manager>
      <option name="time" value="5" />
    </breakpoint-manager>
  </component>
  <component name="editorHistoryManager">
    <entry file="file://$PROJECT_DIR$/MANIFEST.in">
      <provider selected="true" editor-type-id="text-editor">
        <state vertical-scroll-proportion="0.0" vertical-offset="0" max-vertical-offset="108">
          <caret line="0" column="38" selection-start-line="0" selection-start-column="38" selection-end-line="0" selection-end-column="38" />
          <folding />
        </state>
      </provider>
    </entry>
    <entry file="file://$PROJECT_DIR$/xmlsoccer/xmlsoccer.py">
      <provider selected="true" editor-type-id="text-editor">
        <state vertical-scroll-proportion="0.0" vertical-offset="18" max-vertical-offset="1872">
          <caret line="86" column="7" selection-start-line="0" selection-start-column="0" selection-end-line="0" selection-end-column="0" />
          <folding>
            <element signature="e#0#15#0" expanded="true" />
          </folding>
        </state>
      </provider>
    </entry>
    <entry file="file://$PROJECT_DIR$/setup.py">
      <provider selected="true" editor-type-id="text-editor">
        <state vertical-scroll-proportion="0.0" vertical-offset="234" max-vertical-offset="396">
          <caret line="13" column="20" selection-start-line="0" selection-start-column="0" selection-end-line="0" selection-end-column="0" />
          <folding />
        </state>
      </provider>
    </entry>
    <entry file="file://$PROJECT_DIR$/README.rst">
      <provider selected="true" editor-type-id="text-editor">
        <state vertical-scroll-proportion="0.0" vertical-offset="18" max-vertical-offset="432">
          <caret line="1" column="8" selection-start-line="0" selection-start-column="0" selection-end-line="0" selection-end-column="0" />
          <folding />
        </state>
      </provider>
    </entry>
    <entry file="file://$PROJECT_DIR$/MANIFEST.in">
      <provider selected="true" editor-type-id="text-editor">
        <state vertical-scroll-proportion="0.0" vertical-offset="0" max-vertical-offset="108">
          <caret line="0" column="18" selection-start-line="0" selection-start-column="0" selection-end-line="0" selection-end-column="0" />
          <folding />
        </state>
      </provider>
    </entry>
    <entry file="file://$PROJECT_DIR$/../xmlsoccer_parser.py">
      <provider selected="true" editor-type-id="text-editor">
        <state vertical-scroll-proportion="0.0" vertical-offset="0" max-vertical-offset="3150">
          <caret line="0" column="0" selection-start-line="0" selection-start-column="0" selection-end-line="0" selection-end-column="0" />
          <folding />
        </state>
      </provider>
    </entry>
    <entry file="file://$PROJECT_DIR$/xmlsoccer/__init__.py">
      <provider selected="true" editor-type-id="text-editor">
        <state vertical-scroll-proportion="0.0" vertical-offset="0" max-vertical-offset="126">
          <caret line="0" column="0" selection-start-line="0" selection-start-column="0" selection-end-line="0" selection-end-column="0" />
        </state>
      </provider>
    </entry>
    <entry file="file://$PROJECT_DIR$/xmlsoccer/xmlsoccer.py">
      <provider selected="true" editor-type-id="text-editor">
        <state vertical-scroll-proportion="0.0" vertical-offset="18" max-vertical-offset="1872">
          <caret line="86" column="7" selection-start-line="0" selection-start-column="0" selection-end-line="0" selection-end-column="0" />
          <folding>
            <element signature="e#0#15#0" expanded="true" />
          </folding>
        </state>
      </provider>
    </entry>
    <entry file="file://$PROJECT_DIR$/setup.py">
      <provider selected="true" editor-type-id="text-editor">
        <state vertical-scroll-proportion="0.0" vertical-offset="234" max-vertical-offset="396">
          <caret line="13" column="20" selection-start-line="0" selection-start-column="0" selection-end-line="0" selection-end-column="0" />
          <folding />
        </state>
      </provider>
    </entry>
    <entry file="file://$PROJECT_DIR$/README.rst">
      <provider selected="true" editor-type-id="text-editor">
        <state vertical-scroll-proportion="0.0" vertical-offset="18" max-vertical-offset="432">
          <caret line="1" column="8" selection-start-line="0" selection-start-column="0" selection-end-line="0" selection-end-column="0" />
          <folding />
        </state>
      </provider>
    </entry>
    <entry file="file://$PROJECT_DIR$/MANIFEST.in">
      <provider selected="true" editor-type-id="text-editor">
        <state vertical-scroll-proportion="0.0" vertical-offset="0" max-vertical-offset="108">
          <caret line="0" column="18" selection-start-line="0" selection-start-column="0" selection-end-line="0" selection-end-column="0" />
          <folding />
        </state>
      </provider>
    </entry>
    <entry file="file://$PROJECT_DIR$/../xmlsoccer_parser.py">
      <provider selected="true" editor-type-id="text-editor">
        <state vertical-scroll-proportion="0.0" vertical-offset="0" max-vertical-offset="3150">
          <caret line="0" column="0" selection-start-line="0" selection-start-column="0" selection-end-line="0" selection-end-column="0" />
          <folding />
        </state>
      </provider>
    </entry>
    <entry file="file://$PROJECT_DIR$/xmlsoccer/__init__.py">
      <provider selected="true" editor-type-id="text-editor">
        <state vertical-scroll-proportion="0.0" vertical-offset="0" max-vertical-offset="126">
          <caret line="0" column="0" selection-start-line="0" selection-start-column="0" selection-end-line="0" selection-end-column="0" />
        </state>
      </provider>
    </entry>
    <entry file="file://$PROJECT_DIR$/xmlsoccer/xmlsoccer.py">
      <provider selected="true" editor-type-id="text-editor">
        <state vertical-scroll-proportion="0.0" vertical-offset="18" max-vertical-offset="1872">
          <caret line="86" column="7" selection-start-line="0" selection-start-column="0" selection-end-line="0" selection-end-column="0" />
          <folding>
            <element signature="e#0#15#0" expanded="true" />
          </folding>
        </state>
      </provider>
    </entry>
    <entry file="file://$PROJECT_DIR$/setup.py">
      <provider selected="true" editor-type-id="text-editor">
        <state vertical-scroll-proportion="0.0" vertical-offset="234" max-vertical-offset="396">
          <caret line="13" column="20" selection-start-line="0" selection-start-column="0" selection-end-line="0" selection-end-column="0" />
          <folding />
        </state>
      </provider>
    </entry>
    <entry file="file://$PROJECT_DIR$/README.rst">
      <provider selected="true" editor-type-id="text-editor">
        <state vertical-scroll-proportion="0.0" vertical-offset="18" max-vertical-offset="432">
          <caret line="1" column="8" selection-start-line="0" selection-start-column="0" selection-end-line="0" selection-end-column="0" />
          <folding />
        </state>
      </provider>
    </entry>
    <entry file="file://$PROJECT_DIR$/MANIFEST.in">
      <provider selected="true" editor-type-id="text-editor">
        <state vertical-scroll-proportion="0.0" vertical-offset="0" max-vertical-offset="108">
          <caret line="0" column="18" selection-start-line="0" selection-start-column="0" selection-end-line="0" selection-end-column="0" />
          <folding />
        </state>
      </provider>
    </entry>
    <entry file="file://$PROJECT_DIR$/../xmlsoccer_parser.py">
      <provider selected="true" editor-type-id="text-editor">
        <state vertical-scroll-proportion="0.0" vertical-offset="0" max-vertical-offset="3150">
          <caret line="0" column="0" selection-start-line="0" selection-start-column="0" selection-end-line="0" selection-end-column="0" />
          <folding />
        </state>
      </provider>
    </entry>
    <entry file="file://$PROJECT_DIR$/xmlsoccer/__init__.py">
      <provider selected="true" editor-type-id="text-editor">
        <state vertical-scroll-proportion="0.0" vertical-offset="0" max-vertical-offset="126">
          <caret line="0" column="0" selection-start-line="0" selection-start-column="0" selection-end-line="0" selection-end-column="0" />
        </state>
      </provider>
    </entry>
    <entry file="file://$PROJECT_DIR$/xmlsoccer/xmlsoccer.py">
      <provider selected="true" editor-type-id="text-editor">
        <state vertical-scroll-proportion="0.0" vertical-offset="18" max-vertical-offset="3114">
          <caret line="63" column="8" selection-start-line="0" selection-start-column="0" selection-end-line="0" selection-end-column="0" />
          <folding>
            <element signature="e#0#15#0" expanded="true" />
          </folding>
        </state>
      </provider>
    </entry>
    <entry file="file://$PROJECT_DIR$/../xmlsoccer_parser.py">
      <provider selected="true" editor-type-id="text-editor">
        <state vertical-scroll-proportion="0.0" vertical-offset="0" max-vertical-offset="3150">
          <caret line="0" column="0" selection-start-line="0" selection-start-column="0" selection-end-line="0" selection-end-column="0" />
          <folding />
        </state>
      </provider>
    </entry>
    <entry file="file://$PROJECT_DIR$/xmlsoccer/__init__.py">
      <provider selected="true" editor-type-id="text-editor">
        <state vertical-scroll-proportion="0.0" vertical-offset="0" max-vertical-offset="126">
          <caret line="0" column="0" selection-start-line="0" selection-start-column="0" selection-end-line="0" selection-end-column="0" />
        </state>
      </provider>
    </entry>
    <entry file="file://$PROJECT_DIR$/xmlsoccer/xmlsoccer.py">
      <provider selected="true" editor-type-id="text-editor">
        <state vertical-scroll-proportion="0.0" vertical-offset="54" max-vertical-offset="2772">
          <caret line="4" column="0" selection-start-line="0" selection-start-column="0" selection-end-line="0" selection-end-column="0" />
          <folding>
            <element signature="e#0#15#0" expanded="true" />
          </folding>
        </state>
      </provider>
    </entry>
    <entry file="file://$PROJECT_DIR$/../../Scripts/pa_dixon_coles.py">
      <provider selected="true" editor-type-id="text-editor">
        <state vertical-scroll-proportion="0.0" vertical-offset="3079" max-vertical-offset="8896">
          <caret line="213" column="15" selection-start-line="0" selection-start-column="0" selection-end-line="0" selection-end-column="0" />
        </state>
      </provider>
    </entry>
    <entry file="file://$PROJECT_DIR$/../../Scripts/models/dixoncoles/dixoncoles.py">
      <provider selected="true" editor-type-id="text-editor">
        <state vertical-scroll-proportion="0.0" vertical-offset="272" max-vertical-offset="8944">
          <caret line="17" column="0" selection-start-line="0" selection-start-column="0" selection-end-line="0" selection-end-column="0" />
        </state>
      </provider>
    </entry>
    <entry file="file://$PROJECT_DIR$/../../Scripts/plot_functions.py">
      <provider selected="true" editor-type-id="text-editor">
        <state vertical-scroll-proportion="0.0" vertical-offset="752" max-vertical-offset="1056">
          <caret line="47" column="4" selection-start-line="0" selection-start-column="0" selection-end-line="0" selection-end-column="0" />
        </state>
      </provider>
    </entry>
    <entry file="file://$PROJECT_DIR$/../../Scripts/pa_dixon_coles.py">
      <provider selected="true" editor-type-id="text-editor">
        <state vertical-scroll-proportion="0.0" vertical-offset="7655" max-vertical-offset="8112">
          <caret line="484" column="7" selection-start-line="0" selection-start-column="0" selection-end-line="0" selection-end-column="0" />
        </state>
      </provider>
    </entry>
    <entry file="file://$PROJECT_DIR$/../../Scripts/models/dixoncoles/dixoncoles.py">
      <provider selected="true" editor-type-id="text-editor">
        <state vertical-scroll-proportion="0.0" vertical-offset="272" max-vertical-offset="8944">
          <caret line="17" column="0" selection-start-line="0" selection-start-column="0" selection-end-line="0" selection-end-column="0" />
        </state>
      </provider>
    </entry>
    <entry file="file://$PROJECT_DIR$/../../Scripts/plot_functions.py">
      <provider selected="true" editor-type-id="text-editor">
        <state vertical-scroll-proportion="0.0" vertical-offset="752" max-vertical-offset="1056">
          <caret line="47" column="4" selection-start-line="0" selection-start-column="0" selection-end-line="0" selection-end-column="0" />
        </state>
      </provider>
    </entry>
    <entry file="file://$PROJECT_DIR$/../../Scripts/pa_dixon_coles.py">
      <provider selected="true" editor-type-id="text-editor">
        <state vertical-scroll-proportion="0.0" vertical-offset="6296" max-vertical-offset="6688">
          <caret line="400" column="9" selection-start-line="0" selection-start-column="0" selection-end-line="0" selection-end-column="0" />
        </state>
      </provider>
    </entry>
    <entry file="file://$PROJECT_DIR$/../../Scripts/models/dixoncoles/dixoncoles.py">
      <provider selected="true" editor-type-id="text-editor">
        <state vertical-scroll-proportion="0.0" vertical-offset="4896" max-vertical-offset="8944">
          <caret line="285" column="4" selection-start-line="0" selection-start-column="0" selection-end-line="0" selection-end-column="0" />
        </state>
      </provider>
    </entry>
    <entry file="file://$PROJECT_DIR$/../../Scripts/plot_functions.py">
      <provider selected="true" editor-type-id="text-editor">
        <state vertical-scroll-proportion="0.0" vertical-offset="752" max-vertical-offset="1056">
          <caret line="47" column="4" selection-start-line="0" selection-start-column="0" selection-end-line="0" selection-end-column="0" />
        </state>
      </provider>
    </entry>
    <entry file="file://$PROJECT_DIR$/../../Scripts/pa_dixon_coles.py">
      <provider selected="true" editor-type-id="text-editor">
        <state vertical-scroll-proportion="0.0" vertical-offset="3152" max-vertical-offset="5792">
          <caret line="215" column="71" selection-start-line="0" selection-start-column="0" selection-end-line="0" selection-end-column="0" />
        </state>
      </provider>
    </entry>
    <entry file="file://$PROJECT_DIR$/../../Scripts/plot_functions.py">
      <provider selected="true" editor-type-id="text-editor">
        <state vertical-scroll-proportion="0.0" vertical-offset="752" max-vertical-offset="1056">
          <caret line="47" column="4" selection-start-line="0" selection-start-column="0" selection-end-line="0" selection-end-column="0" />
        </state>
      </provider>
    </entry>
    <entry file="file://$PROJECT_DIR$/../../Scripts/pa_dixon_coles.py">
      <provider selected="true" editor-type-id="text-editor">
        <state vertical-scroll-proportion="0.0" vertical-offset="4688" max-vertical-offset="5792">
          <caret line="309" column="16" selection-start-line="0" selection-start-column="0" selection-end-line="0" selection-end-column="0" />
        </state>
      </provider>
    </entry>
    <entry file="file://$PROJECT_DIR$/../../Scripts/plot_functions.py">
      <provider selected="true" editor-type-id="text-editor">
        <state vertical-scroll-proportion="0.0" vertical-offset="752" max-vertical-offset="1056">
          <caret line="47" column="4" selection-start-line="0" selection-start-column="0" selection-end-line="0" selection-end-column="0" />
        </state>
      </provider>
    </entry>
    <entry file="file://$PROJECT_DIR$/../../Scripts/pa_dixon_coles.py">
      <provider selected="true" editor-type-id="text-editor">
        <state vertical-scroll-proportion="0.0" vertical-offset="144" max-vertical-offset="5488">
          <caret line="152" column="0" selection-start-line="0" selection-start-column="0" selection-end-line="0" selection-end-column="0" />
        </state>
      </provider>
    </entry>
    <entry file="file://$PROJECT_DIR$/../../Scripts/pa_dixon_coles.py">
      <provider selected="true" editor-type-id="text-editor">
        <state vertical-scroll-proportion="0.0" vertical-offset="1488" max-vertical-offset="5712">
          <caret line="93" column="4" selection-start-line="0" selection-start-column="0" selection-end-line="0" selection-end-column="0" />
        </state>
      </provider>
    </entry>
    <entry file="file://$PROJECT_DIR$/../../Scripts/pa_dixon_coles.py">
      <provider selected="true" editor-type-id="text-editor">
        <state vertical-scroll-proportion="0.0" vertical-offset="1488" max-vertical-offset="5712">
          <caret line="93" column="4" selection-start-line="0" selection-start-column="0" selection-end-line="0" selection-end-column="0" />
        </state>
      </provider>
    </entry>
    <entry file="file://$PROJECT_DIR$/../../Scripts/pa_dixon_coles.py">
      <provider selected="true" editor-type-id="text-editor">
        <state vertical-scroll-proportion="0.0" vertical-offset="1488" max-vertical-offset="5712">
          <caret line="93" column="4" selection-start-line="0" selection-start-column="0" selection-end-line="0" selection-end-column="0" />
        </state>
      </provider>
    </entry>
    <entry file="file://$PROJECT_DIR$/../../Scripts/models/dixoncoles/dixoncoles.py">
      <provider selected="true" editor-type-id="text-editor">
        <state vertical-scroll-proportion="0.0" vertical-offset="0" max-vertical-offset="8944">
          <caret line="6" column="0" selection-start-line="0" selection-start-column="0" selection-end-line="0" selection-end-column="0" />
        </state>
      </provider>
    </entry>
    <entry file="file://$PROJECT_DIR$/../../Scripts/plot_functions.py">
      <provider selected="true" editor-type-id="text-editor">
        <state vertical-scroll-proportion="0.0" vertical-offset="396" max-vertical-offset="1376">
          <caret line="68" column="4" selection-start-line="0" selection-start-column="0" selection-end-line="0" selection-end-column="0" />
        </state>
      </provider>
    </entry>
    <entry file="file://$PROJECT_DIR$/../../Scripts/pa_dixon_coles.py">
      <provider selected="true" editor-type-id="text-editor">
        <state vertical-scroll-proportion="10.4" vertical-offset="144" max-vertical-offset="12006">
          <caret line="346" column="4" selection-start-line="0" selection-start-column="0" selection-end-line="0" selection-end-column="0" />
        </state>
      </provider>
    </entry>
    <entry file="file://$PROJECT_DIR$/../xmlsoccer_parser.py">
      <provider selected="true" editor-type-id="text-editor">
        <state vertical-scroll-proportion="0.0" vertical-offset="0" max-vertical-offset="3060">
          <caret line="0" column="0" selection-start-line="0" selection-start-column="0" selection-end-line="0" selection-end-column="0" />
          <folding />
        </state>
      </provider>
    </entry>
    <entry file="file://$PROJECT_DIR$/xmlsoccer/__init__.py">
      <provider selected="true" editor-type-id="text-editor">
        <state vertical-scroll-proportion="0.06153846" vertical-offset="0" max-vertical-offset="585">
          <caret line="2" column="32" selection-start-line="0" selection-start-column="0" selection-end-line="0" selection-end-column="0" />
        </state>
      </provider>
    </entry>
    <entry file="file://$PROJECT_DIR$/LICENCE">
      <provider selected="true" editor-type-id="text-editor">
        <state vertical-scroll-proportion="0.06153846" vertical-offset="0" max-vertical-offset="585">
          <caret line="2" column="19" selection-start-line="0" selection-start-column="0" selection-end-line="0" selection-end-column="0" />
        </state>
      </provider>
    </entry>
    <entry file="file://$PROJECT_DIR$/MANIFEST.in">
      <provider selected="true" editor-type-id="text-editor">
        <state vertical-scroll-proportion="0.0" vertical-offset="0" max-vertical-offset="108">
          <caret line="0" column="38" selection-start-line="0" selection-start-column="38" selection-end-line="0" selection-end-column="38" />
          <folding />
        </state>
      </provider>
    </entry>
    <entry file="file://$PROJECT_DIR$/README.rst">
      <provider selected="true" editor-type-id="text-editor">
        <state vertical-scroll-proportion="0.0" vertical-offset="72" max-vertical-offset="432">
          <caret line="4" column="0" selection-start-line="4" selection-start-column="0" selection-end-line="4" selection-end-column="0" />
          <folding />
        </state>
      </provider>
    </entry>
    <entry file="file://$PROJECT_DIR$/HISTORY.rst">
      <provider selected="true" editor-type-id="text-editor">
        <state vertical-scroll-proportion="0.0" vertical-offset="0" max-vertical-offset="585">
          <caret line="0" column="0" selection-start-line="0" selection-start-column="0" selection-end-line="0" selection-end-column="0" />
          <folding />
        </state>
      </provider>
    </entry>
    <entry file="file://$PROJECT_DIR$/xmlsoccer/xmlsoccer.py">
      <provider selected="true" editor-type-id="text-editor">
        <state vertical-scroll-proportion="37.68" vertical-offset="1104" max-vertical-offset="1872">
          <caret line="9" column="11" selection-start-line="9" selection-start-column="11" selection-end-line="9" selection-end-column="11" />
          <folding>
            <element signature="e#0#15#0" expanded="true" />
          </folding>
        </state>
      </provider>
    </entry>
    <entry file="file://$PROJECT_DIR$/setup.py">
      <provider selected="true" editor-type-id="text-editor">
        <state vertical-scroll-proportion="0.36923078" vertical-offset="0" max-vertical-offset="390">
          <caret line="8" column="19" selection-start-line="8" selection-start-column="19" selection-end-line="8" selection-end-column="19" />
          <folding />
        </state>
      </provider>
    </entry>
  </component>
</project>

