<?xml version="1.0" encoding="utf-8"?>
<resources>
    <string-array name="cache_sort_type">
        <item>Tamaño</item>
        <item>Nombre</item>
    </string-array>
    <string-array name="large_file_sort_type">
        <item>Tamaño</item>
        <item>Nombre</item>
    </string-array>
    <string-array name="installed_app_sort_type">
        <item>Más utilizadas</item>
        <item>Tamaño</item>
    </string-array>
    <string-array name="auto_clean_time">
        <item>Cada día</item>
        <item>Cada 3 días</item>
        <item>Cada 7 días</item>
    </string-array>
    <string-array name="auto_clean_size">
        <item>100 MB</item>
        <item>300 MB</item>
        <item>500 MB</item>
        <item>1 GB</item>
    </string-array>
    <string-array name="auto_process_mode">
        <item>Mostrar</item>
        <item>No mostrar</item>
        <item>Mostrar después</item>
    </string-array>
    <string-array name="cache_clean_menu">
        <item>Limpiar este archivo</item>
        <item>Ver la ubicación del archivo</item>
    </string-array>
    <string-array name="trash_clean_menu">
        <item>Limpiar este archivo</item>
        <item>Ver la ubicación del archivo</item>
    </string-array>
    <string-array name="video_clean_menu">
        <item>Limpiar este archivo</item>
        <item>Abrir</item>
    </string-array>
    <string-array name="empty_floder_clean_menu">
        <item>Limpiar</item>
    </string-array>
    <string-array name="apk_clean_menu">
        <item>Limpiar</item>
        <item>Instalar esta aplicación</item>
        <item>Ver en la carpeta</item>
    </string-array>
    <string-array name="long_add_menu">
        <item>Añadir a excepciones</item>
    </string-array>
    <string-array name="long_add_app_menu">
        <item>Añadir aplicación a excepciones</item>
    </string-array>
    <string-array name="app_clean_menu">
        <item>Desinstalar</item>
    </string-array>
    <string-array name="auto_alert_apps_time">
        <item>Cada 7 días</item>
        <item>Cada 15 días</item>
        <item>Cada 30 días</item>
    </string-array>
    <string-array name="scan_engine">
        <item>Clean Master</item>
        <item>Tencent</item>
    </string-array>
</resources>
