




<channel>

<item>
 <title>[15-10-15] Tiny4K - Alexa Raye - Teen Takes It Deep [COLOR=FFFFFF00](1080p)[/COLOR]</title>
<thumbnail>http://i.imgur.com/UKPe4ys.jpg</thumbnail>
 <fanart></fanart>
<link>http://streamin.to/bjnv36kzl7f1</link> 
</item>

<item>
 <title>[15-10-08] Tiny4K - Sydney Cole - Daddy Little Princess [COLOR=FFFFFF00](1080p)[/COLOR]</title>
<thumbnail>http://i.imgur.com/h2a5neP.jpg</thumbnail>
 <fanart></fanart>
<link>http://streamin.to/lu3g9w2hhdwd</link>
</item>

<item>
 <title>Tiny4K - Cali Sparks - Bath Time Babe [COLOR=FFFFFF00](1080p)[/COLOR]</title>
<thumbnail>http://i.imgur.com/kN5v5Aq.jpg</thumbnail>
 <fanart></fanart>
<link>http://streamin.to/0x1rux8buub4</link> 
</item>

<item>
 <title>Tiny4K - Molly Manson - Twist Her [COLOR=FFFFFF00](1080p)[/COLOR]</title>
<thumbnail>http://i.imgur.com/LQfuhWR.jpg</thumbnail>
 <fanart></fanart>
<link>http://streamin.to/bg3miv96t5b3</link>
</item>

<item>
 <title>[15-08-13] Tiny4K - Henley Hart - Oily And Naked [COLOR=FFFFFF00](1080p)[/COLOR]</title>
<thumbnail>http://i.imgur.com/2gwU2za.jpg</thumbnail>
 <fanart></fanart>
<link>http://streamin.to/4ecoe62536lc</link>
</item>

<item>
 <title>[15-08-06] Tiny4K - Alice March - Stretched To The Limit [COLOR=FFFFFF00](1080p)[/COLOR]</title>
<thumbnail>http://i.imgur.com/9zNnXl8.jpg</thumbnail> 
<fanart></fanart>
<link>http://streamin.to/fk84rls825m0</link>
</item>

<item>
 <title>[15-07-30] Tiny4K - Katie Murphy - Sit And Spin [COLOR=FFFFFF00](720p)[/COLOR]</title>
<thumbnail>http://i.imgur.com/NNytWcg.jpg</thumbnail>
 <fanart></fanart>
<link>http://streamin.to/12zodkd7eybv</link>
</item>

<item>
 <title>[15-07-23] Tiny4K - Bree Mitchells - Stretched Out [COLOR=FFFFFF00](720p)[/COLOR]</title>
<thumbnail>http://i.imgur.com/LfVPlcO.jpg</thumbnail>
 <fanart></fanart>
<link>http://streamin.to/4442qybxq7ci</link>
</item>

<item>
 <title>[15-06-18] Tiny4K - Skye West [COLOR=FFFFFF00](720p)[/COLOR]</title>
<thumbnail>http://i.imgur.com/4bcf15w.jpg</thumbnail> 
<fanart></fanart>
<link>http://streamin.to/l3uexuye1gen</link>
</item>

<item>
 <title>[15-06-04] Tiny4K - Trisha Parks - Poke Her Face [COLOR=FFFFFF00](720p)[/COLOR]</title>
<thumbnail>http://i.imgur.com/QAzLN80.jpg</thumbnail>
 <fanart></fanart>
<link>http://streamin.to/tz2yuqw8aezc</link>
</item>

<item>
 <title>[15-05-28] Tiny4K - Carolina Abril - Tiny Pleasures [COLOR=FFFFFF00](720p)[/COLOR]</title>
<thumbnail>http://i.imgur.com/vJxeDVm.jpg</thumbnail>
 <fanart></fanart>
<link>http://streamin.to/dza5ou7r7hq0</link>
</item>

<channel>
 

