<?xml version="1.0" encoding="UTF-8"?>
<module org.jetbrains.idea.maven.project.MavenProjectsManager.isMavenModule="true" type="JAVA_MODULE" version="4">
  <component name="NewModuleRootManager" LANGUAGE_LEVEL="JDK_1_6" inherit-compiler-output="false">
    <output url="file://$MODULE_DIR$/target/classes" />
    <output-test url="file://$MODULE_DIR$/target/test-classes" />
    <content url="file://$MODULE_DIR$">
      <sourceFolder url="file://$MODULE_DIR$/src/main/java" isTestSource="false" />
      <excludeFolder url="file://$MODULE_DIR$/target" />
    </content>
    <orderEntry type="inheritedJdk" />
    <orderEntry type="sourceFolder" forTests="false" />
    <orderEntry type="module" module-name="dsl4xml-support" />
    <orderEntry type="module" module-name="dsl4xml-json-dsl" />
    <orderEntry type="library" name="Maven: junit:junit:4.4" level="project" />
    <orderEntry type="library" name="Maven: org.jmock:jmock-junit4:2.5.1" level="project" />
    <orderEntry type="library" name="Maven: org.jmock:jmock:2.5.1" level="project" />
    <orderEntry type="library" name="Maven: org.hamcrest:hamcrest-core:1.1" level="project" />
    <orderEntry type="library" name="Maven: org.hamcrest:hamcrest-library:1.1" level="project" />
    <orderEntry type="library" name="Maven: junit:junit-dep:4.4" level="project" />
  </component>
</module>

